"did","sht_temperature","bmp_temperature","illuminance","bmp_pressure","sht_humidity","battery_voltage","charge_flags_charge","charge_flags_fault","date","extra"
0x815B,26.15223300970874,25.69658536585365,2829.8019323671497,1004.598086124402,39.450476190476174,4.753942307692308,-999,-999,Fri Oct 17 2014 13:00:00 GMT-0400 (EDT),-999
0x815B,23.77812227074235,23.06812227074237,4625.558951965066,1005.3332314410479,44.81091703056768,4.749825327510921,-999,-999,Fri Oct 17 2014 15:00:00 GMT-0400 (EDT),-999
0x815B,16.671277533039643,16.020704845814983,406.22026431718064,1005.9039647577086,68.2140969162995,4.7424229074889945,-999,-999,Fri Oct 17 2014 17:00:00 GMT-0400 (EDT),-999
0x815B,14.230779220779219,13.548484848484874,0,1006.2829004328999,73.60952380952384,4.74038961038962,-999,-999,Fri Oct 17 2014 19:00:00 GMT-0400 (EDT),-999
0x815B,13.52728448275861,12.791379310344816,0,1006.261896551724,74.32155172413792,4.739827586206906,-999,-999,Fri Oct 17 2014 21:00:00 GMT-0400 (EDT),-999
0x815B,13.243390557939916,12.512875536480687,0,1005.77678111588,74.1948497854077,4.74137339055795,-999,-999,Fri Oct 17 2014 23:00:00 GMT-0400 (EDT),-999
0x815B,12.314836065573774,11.577049180327869,0,1005.3264754098363,72.94590163934424,4.742868852459024,-999,-999,Sat Oct 18 2014 01:00:00 GMT-0400 (EDT),-999
0x815B,21.616923076923076,23.37692307692307,1228.0384615384614,1019.773846153846,25.30384615384615,4.415384615384616,-999,-999,Mon Oct 20 2014 11:00:00 GMT-0400 (EDT),-999
0x815B,19.12214953271026,18.934112149532716,3612.2570093457944,1016.292990654206,27.241588785046716,4.414672897196251,-999,-999,Mon Oct 20 2014 13:00:00 GMT-0400 (EDT),-999
0x815B,14.744147465437784,14.187096774193543,2393.958525345622,1016.005115207374,37.01290322580647,4.422073732718882,-999,-999,Mon Oct 20 2014 15:00:00 GMT-0400 (EDT),-999
0x815B,22.46663551401868,23.601869158878493,452.803738317757,1055.616074766355,51.880373831775735,4.42588785046729,-999,-999,Mon Oct 20 2014 17:00:00 GMT-0400 (EDT),-999
0x815B,45.008245614035076,44.771929824561425,0,1123.7194736842107,59.34736842105263,4.416140350877192,-999,-999,Mon Oct 20 2014 19:00:00 GMT-0400 (EDT),-999
0x815B,51.7884745762712,44.83898305084749,0,1127.6205084745768,64.17288135593222,4.389661016949151,-999,-999,Mon Oct 20 2014 21:00:00 GMT-0400 (EDT),-999
0x815B,56.74392156862744,44.90392156862748,0,1130.213333333333,67.69215686274511,4.39705882352941,-999,-999,Mon Oct 20 2014 23:00:00 GMT-0400 (EDT),-999
0x815B,62.58072463768116,44.84347826086962,0,1127.2818840579707,71.84782608695652,4.3775362318840605,-999,-999,Tue Oct 21 2014 01:00:00 GMT-0400 (EDT),-999
0x815B,60.50086956521737,44.869565217391354,0,1128.500326086956,70.36521739130436,4.387608695652176,-999,-999,Tue Oct 21 2014 03:00:00 GMT-0400 (EDT),-999
0x815B,64.1618666666667,44.872000000000085,2.6,1128.9496000000001,72.97333333333331,4.3812000000000015,-999,-999,Tue Oct 21 2014 05:00:00 GMT-0400 (EDT),-999
0x815B,39.88020000000001,28.577999999999985,746.47,1071.8989,75.37599999999999,4.384100000000005,-999,-999,Tue Oct 21 2014 07:00:00 GMT-0400 (EDT),-999
0x815B,15.113423913043473,14.351086956521737,3499.771739130435,1014.8477173913041,70.35760869565217,4.3809782608695675,-999,-999,Tue Oct 21 2014 09:00:00 GMT-0400 (EDT),-999
0x815B,19.51331288343558,18.801840490797538,5020.122699386503,1014.4782822085889,54.31288343558279,4.386871165644166,-999,-999,Tue Oct 21 2014 11:00:00 GMT-0400 (EDT),-999
0x815B,18.666133333333338,17.99333333333333,3731.94,1013.3388666666668,55.29666666666667,4.388999999999992,-999,-999,Tue Oct 21 2014 13:00:00 GMT-0400 (EDT),-999
0x815B,19.03360946745563,18.37633136094675,2118.147928994083,1012.9006508875742,55.986390532544384,4.403491124260347,-999,-999,Tue Oct 21 2014 15:00:00 GMT-0400 (EDT),-999
0x815B,14.01851063829787,13.338829787234042,319.5744680851064,1013.1791489361703,66.68723404255323,4.396595744680844,-999,-999,Tue Oct 21 2014 17:00:00 GMT-0400 (EDT),-999
0x815B,50.148426966292156,37.70674157303375,0,1098.6566292134826,69.8337078651685,4.397977528089884,-999,-999,Tue Oct 21 2014 19:00:00 GMT-0400 (EDT),-999
0x815B,29.282661290322576,21.567741935483852,0,1049.0969354838714,74.44193548387103,4.3943548387096705,-999,-999,Tue Oct 21 2014 21:00:00 GMT-0400 (EDT),-999
0x815B,13.415154639175256,12.647422680412346,0,1014.6011340206192,74.34020618556703,4.388659793814426,-999,-999,Tue Oct 21 2014 23:00:00 GMT-0400 (EDT),-999
0x815B,14.008211382113817,13.080487804878045,0,1014.9373170731715,73.48617886178862,4.397398373983734,-999,-999,Wed Oct 22 2014 01:00:00 GMT-0400 (EDT),-999
0x815B,13.63021052631579,12.584210526315788,0,1014.9190526315789,81.12631578947364,4.396947368421047,-999,-999,Wed Oct 22 2014 03:00:00 GMT-0400 (EDT),-999
0x815B,13.777663551401883,13.010280373831772,3.7757009345794392,1014.1883177570091,82.32429906542055,4.401028037383172,-999,-999,Wed Oct 22 2014 05:00:00 GMT-0400 (EDT),-999
0x815B,13.774201183431954,13.015976331360962,299.7278106508876,1014.4042011834324,84.09999999999998,4.3978698224851955,-999,-999,Wed Oct 22 2014 07:00:00 GMT-0400 (EDT),-999
0x815B,13.474753086419753,12.753086419753087,938.179012345679,1014.3259259259258,86.1993827160494,4.4040740740740665,-999,-999,Wed Oct 22 2014 09:00:00 GMT-0400 (EDT),-999
0x815B,13.409068322981376,12.688198757763958,1016.1801242236024,1013.1151552795034,88.07763975155277,4.406770186335395,-999,-999,Wed Oct 22 2014 11:00:00 GMT-0400 (EDT),-999
0x815B,12.989138755980866,12.292822966507183,1207.0765550239234,1012.0662200956938,88.91100478468897,4.401052631578938,-999,-999,Wed Oct 22 2014 13:00:00 GMT-0400 (EDT),-999
0x815B,11.998490566037727,11.265094339622634,412.3820754716981,1010.5070283018869,89.01273584905657,4.4162264150943304,-999,-999,Wed Oct 22 2014 15:00:00 GMT-0400 (EDT),-999
0x815B,13.287586206896554,12.550000000000006,52.63793103448276,1008.7933620689652,89.7689655172414,4.399655172413787,-999,-999,Wed Oct 22 2014 17:00:00 GMT-0400 (EDT),-999
0x815B,16.43755656108597,15.742986425339382,9158.108597285069,1001.5307692307688,78.21628959276019,4.398868778280532,-999,-999,Thu Oct 23 2014 09:00:00 GMT-0400 (EDT),-999
0x815B,20.45030042918456,19.86266094420599,7749.454935622318,1001.1018025751074,60.710300429184606,4.402231759656641,-999,-999,Thu Oct 23 2014 11:00:00 GMT-0400 (EDT),-999
0x815B,17.545757575757566,16.94696969696969,1981.409090909091,1000.3066161616168,69.6,4.4090909090908985,-999,-999,Thu Oct 23 2014 13:00:00 GMT-0400 (EDT),-999
0x815B,14.352358490566042,13.682075471698106,587.6745283018868,999.444245283019,85.99905660377358,4.411556603773574,-999,-999,Thu Oct 23 2014 15:00:00 GMT-0400 (EDT),-999
0x815B,13.39932885906039,12.689261744966421,22.22818791946309,999.9828859060401,89.71946308724834,4.403020134228182,-999,-999,Thu Oct 23 2014 17:00:00 GMT-0400 (EDT),-999
0x815B,13.309203980099493,13.070646766169165,2732.5621890547263,1013.1924875621886,34.68756218905473,3.9893034825870637,-999,-999,Sat Nov 08 2014 13:00:00 GMT-0500 (EST),-999
0x815B,8.214722222222223,7.500000000000002,1515.611111111111,1013.0563888888888,46.33333333333334,4.021111111111112,-999,-999,Sat Nov 08 2014 15:00:00 GMT-0500 (EST),-999
0x815B,1.651818181818182,0.6090909090909091,0,1013.0572727272728,74.34545454545454,3.8881818181818177,-999,-999,Sat Nov 08 2014 19:00:00 GMT-0500 (EST),-999
0x815B,4.084126984126984,2.9698412698412713,0,1015.3192063492064,69.0126984126984,3.951428571428571,-999,-999,Sat Nov 08 2014 21:00:00 GMT-0500 (EST),-999
0x815B,3.58,2.5875000000000004,0,1013.3124999999999,67.75,3.9525,-999,-999,Sat Nov 08 2014 23:00:00 GMT-0500 (EST),-999
0x815B,7.629999999999999,5.9950819672131095,0,1018.8349180327867,69.47377049180331,3.997377049180328,-999,-999,Sun Nov 09 2014 01:00:00 GMT-0500 (EST),-999
0x815B,7.29,5.608196721311475,0,1018.3518032786884,68.86393442622952,3.9863934426229513,-999,-999,Sun Nov 09 2014 03:00:00 GMT-0500 (EST),-999
0x815B,7.21835164835165,5.894505494505493,25.824175824175825,1016.8324175824176,67.9065934065934,3.9873626373626374,-999,-999,Sun Nov 09 2014 05:00:00 GMT-0500 (EST),-999
0x815B,7.8630769230769255,6.970940170940173,890.1452991452992,1014.160854700855,63.57521367521366,3.984273504273504,-999,-999,Sun Nov 09 2014 07:00:00 GMT-0500 (EST),-999
0x815B,14.518672985781993,13.730805687203796,7094.336492890995,1013.9966350710899,47.42938388625593,3.9898578199052106,-999,-999,Sun Nov 09 2014 09:00:00 GMT-0500 (EST),-999
0x815B,16.81837104072398,16.161538461538456,5401.669683257918,1012.693755656108,41.47239819004524,3.993031674208145,-999,-999,Sun Nov 09 2014 11:00:00 GMT-0500 (EST),-999
0x815B,16.214758620689658,15.762068965517264,3256.8758620689655,1012.7708275862076,40.246896551724134,3.999310344827583,-999,-999,Sun Nov 09 2014 13:00:00 GMT-0500 (EST),-999
0x815B,13.99881355932203,13.830508474576272,1411.4915254237287,1014.2342372881357,47.174576271186446,3.9793220338983066,-999,-999,Sun Nov 09 2014 15:00:00 GMT-0500 (EST),-999
0x815B,11.495982905982903,9.97948717948718,41253.794871794875,1020.2599145299147,58.93376068376069,3.9067948717948733,-999,-999,Mon Nov 10 2014 07:00:00 GMT-0500 (EST),-999
0x815B,22.75830434782609,21.986521739130474,22054.5,1021.8025217391296,30.751739130434792,3.980434782608698,-999,-999,Mon Nov 10 2014 09:00:00 GMT-0500 (EST),-999
0x815B,21.998515283842806,21.735371179039294,6950.209606986899,1021.2324890829694,31.415283842794764,4.005545851528385,-999,-999,Mon Nov 10 2014 11:00:00 GMT-0500 (EST),-999
0x815B,19.921818181818168,19.71428571428571,3090.4199134199134,1021.3495238095239,35.47099567099568,4.009264069264068,-999,-999,Mon Nov 10 2014 13:00:00 GMT-0500 (EST),-999
0x815B,13.220397350993377,12.557615894039737,1316.3311258278145,1021.8041721854308,46.12450331125827,4.015629139072849,-999,-999,Mon Nov 10 2014 15:00:00 GMT-0500 (EST),-999
0x815B,22.00666666666667,12.733333333333333,0,1068.6433333333334,77.96666666666667,3.9266666666666663,-999,-999,Tue Nov 11 2014 03:00:00 GMT-0500 (EST),-999
0x815B,-1.4698717948717948,-2.865384615384614,1500.1410256410256,1022.4808974358975,77.76538461538458,3.9211538461538473,-999,-999,Tue Nov 11 2014 05:00:00 GMT-0500 (EST),-999
0x815B,12.586244725738394,11.200000000000001,40436.17721518988,1021.3506751054849,63.57763713080166,3.945780590717297,-999,-999,Tue Nov 11 2014 07:00:00 GMT-0500 (EST),-999
0x815B,21.3005701754386,20.501315789473672,16165.057017543859,1021.4588157894731,44.02456140350879,3.979166666666668,-999,-999,Tue Nov 11 2014 09:00:00 GMT-0500 (EST),-999
0x815B,19.517711864406778,18.909322033898313,4905.0847457627115,1019.4199576271186,50.571186440677955,3.987796610169494,-999,-999,Tue Nov 11 2014 11:00:00 GMT-0500 (EST),-999
0x815B,20.06463829787232,19.580851063829773,3128.9106382978725,1018.0182553191489,51.72212765957446,3.994170212765956,-999,-999,Tue Nov 11 2014 13:00:00 GMT-0500 (EST),-999
0x815B,14.71974576271186,14.004237288135593,537.8474576271186,1017.5763559322035,62.41101694915253,4.006949152542371,-999,-999,Tue Nov 11 2014 15:00:00 GMT-0500 (EST),-999
0x815B,7.791836734693879,6.736734693877551,0,1018.2354081632653,71.24081632653063,4.010510204081633,-999,-999,Tue Nov 11 2014 17:00:00 GMT-0500 (EST),-999
0x815B,3.349651162790697,2.3395348837209293,0,1016.1186046511627,76.55813953488376,3.997441860465117,-999,-999,Tue Nov 11 2014 19:00:00 GMT-0500 (EST),-999
0x815B,5.109999999999999,3.318918918918918,0,1018.5818918918918,79.07567567567567,4.016756756756759,-999,-999,Tue Nov 11 2014 21:00:00 GMT-0500 (EST),-999
0x815B,5.732657004830913,4.789855072463765,0,1014.5648309178746,78.74347826086961,3.9757487922705304,-999,-999,Tue Nov 11 2014 23:00:00 GMT-0500 (EST),-999
0x815B,6.481031390134529,5.560538116591931,0,1013.8007623318389,78.48744394618836,3.996681614349778,-999,-999,Wed Nov 12 2014 01:00:00 GMT-0500 (EST),-999
0x815B,17.8745652173913,17.041304347826078,3847.9891304347825,1012.1013043478263,65.47173913043478,3.963369565217391,-999,-999,Wed Nov 12 2014 11:00:00 GMT-0500 (EST),-999
0x815B,19.169740259740255,18.546320346320357,2937.6709956709956,1011.114675324676,63.84069264069262,3.9775757575757567,-999,-999,Wed Nov 12 2014 13:00:00 GMT-0500 (EST),-999
0x815B,14.804672489082966,14.105676855895194,376.53711790393015,1011.4806113537121,69.94017467248905,3.9776855895196532,-999,-999,Wed Nov 12 2014 15:00:00 GMT-0500 (EST),-999
0x815B,8.181165919282508,7.325560538116591,0,1011.6278923766815,78.73632286995519,4.010403587443944,-999,-999,Wed Nov 12 2014 17:00:00 GMT-0500 (EST),-999
0x815B,10.90118143459916,10.09409282700423,0,1013.1304641350214,80.83544303797466,4.0147257383966215,-999,-999,Wed Nov 12 2014 19:00:00 GMT-0500 (EST),-999
0x815B,9.087542372881362,8.273728813559325,0,1014.4875423728814,66.33220338983045,3.9865254237288092,-999,-999,Wed Nov 12 2014 21:00:00 GMT-0500 (EST),-999
0x815B,4.957539267015709,4.026178010471203,0,1015.0217277486913,67.27068062827222,3.989267015706803,-999,-999,Wed Nov 12 2014 23:00:00 GMT-0500 (EST),-999
0x815B,2.318510638297874,1.3238297872340403,0,1015.7899574468086,72.84085106382982,3.9957872340425538,-999,-999,Thu Nov 13 2014 01:00:00 GMT-0500 (EST),-999
0x815B,0.7167532467532465,-0.4311688311688309,0,1016.7049350649351,75.79653679653681,3.9882251082251092,-999,-999,Thu Nov 13 2014 03:00:00 GMT-0500 (EST),-999
0x815B,-1.845945945945946,-2.9351351351351296,858.0765765765766,1016.5092792792785,78.7684684684685,3.9896846846846845,-999,-999,Thu Nov 13 2014 05:00:00 GMT-0500 (EST),-999
0x815B,11.841666666666669,10.418376068376066,38748.58974358974,1017.6842307692303,44.016666666666644,4.00277777777778,-999,-999,Thu Nov 13 2014 07:00:00 GMT-0500 (EST),-999
0x815B,17.748835978835967,17.131746031746033,23226.804232804232,1017.9179894179892,30.51798941798943,4.0128571428571425,-999,-999,Thu Nov 13 2014 09:00:00 GMT-0500 (EST),-999
0x815B,15.562054794520526,15.41095890410958,6355.826484018265,1017.0745662100452,35.76757990867578,3.9810502283105054,-999,-999,Thu Nov 13 2014 11:00:00 GMT-0500 (EST),-999
0x815B,14.375574468085109,14.26510638297873,2716.7659574468084,1016.1143829787236,38.30723404255317,4.004297872340426,-999,-999,Thu Nov 13 2014 13:00:00 GMT-0500 (EST),-999
0x815B,7.796236559139788,6.981182795698923,608.2688172043011,1015.2948387096773,53.688709677419354,3.9800537634408606,-999,-999,Thu Nov 13 2014 15:00:00 GMT-0500 (EST),-999
0x815B,5.041779661016945,3.925423728813562,0,1015.677627118644,70.03305084745763,4.013474576271187,-999,-999,Thu Nov 13 2014 17:00:00 GMT-0500 (EST),-999
0x815B,5.7802325581395415,4.840930232558129,0,1014.6589302325582,66.5981395348837,3.9673953488372087,-999,-999,Thu Nov 13 2014 19:00:00 GMT-0500 (EST),-999
0x815B,5.674727272727264,4.728181818181819,0,1013.9257727272723,67.23272727272727,4.000227272727273,-999,-999,Thu Nov 13 2014 21:00:00 GMT-0500 (EST),-999
0x815B,4.64302222222222,3.6777777777777794,0,1013.0381777777781,71.60844444444443,3.993644444444446,-999,-999,Thu Nov 13 2014 23:00:00 GMT-0500 (EST),-999
0x815B,2.72,1.6,0,1012.79,80.3,4.28,-999,-999,Fri Nov 14 2014 01:00:00 GMT-0500 (EST),-999
0x815B,0.9067973856209147,-0.2947712418300654,0,1012.5993464052286,81.68300653594768,3.969477124183006,-999,-999,Fri Nov 14 2014 03:00:00 GMT-0500 (EST),-999
0x815B,0.679059829059829,-0.3435897435897432,4.905982905982906,1011.4948717948715,84.56837606837607,3.9735897435897445,-999,-999,Fri Nov 14 2014 05:00:00 GMT-0500 (EST),-999
0x815B,3.6315999999999997,1.8260000000000007,673.52,1014.0600000000003,84.49600000000001,3.9806,-999,-999,Fri Nov 14 2014 07:00:00 GMT-0500 (EST),-999
0x815B,4.681811023622046,3.692125984251966,3169.4251968503936,1011.954015748032,76.83700787401573,3.9867716535433066,-999,-999,Fri Nov 14 2014 09:00:00 GMT-0500 (EST),-999
0x815B,9.012478632478635,8.36025641025641,5482.833333333333,1012.1474358974359,55.38589743589739,3.9956837606837605,-999,-999,Fri Nov 14 2014 11:00:00 GMT-0500 (EST),-999
0x815B,10.81,10.599999999999996,3300.3076923076924,1012.0269230769233,44.107692307692304,3.9923076923076923,-999,-999,Fri Nov 14 2014 13:00:00 GMT-0500 (EST),-999
0x815B,8.656510638297869,8.229361702127656,2656.4553191489363,1004.502340425532,34.23787234042552,3.8562127659574457,-999,-999,Tue Nov 18 2014 13:00:00 GMT-0500 (EST),-999
0x815B,0.6723175965665238,-0.3150214592274678,658.9871244635193,1006.829957081545,43.00643776824034,3.8772961373390586,-999,-999,Tue Nov 18 2014 15:00:00 GMT-0500 (EST),-999
0x815B,-3.22108695652174,-4.342173913043479,0,1009.1386521739132,45.98521739130435,3.870086956521738,-999,-999,Tue Nov 18 2014 17:00:00 GMT-0500 (EST),-999
0x815B,-4.256972477064217,-5.427981651376147,0,1011.0769266055046,43.218348623853245,3.8528899082568784,-999,-999,Tue Nov 18 2014 19:00:00 GMT-0500 (EST),-999
0x815B,-5.491158798283265,-6.709012875536484,0,1011.9560944206002,49.5961373390558,3.8543347639484984,-999,-999,Tue Nov 18 2014 21:00:00 GMT-0500 (EST),-999
0x815B,-5.217829787234043,-6.432340425531918,0,1012.8700851063827,47.78212765957445,3.8555744680851043,-999,-999,Tue Nov 18 2014 23:00:00 GMT-0500 (EST),-999
0x815B,-5.981016949152538,-7.222881355932203,0,1013.8531779661018,49.35932203389828,3.8717372881355923,-999,-999,Wed Nov 19 2014 01:00:00 GMT-0500 (EST),-999
0x815B,-6.3390308370043975,-7.558149779735696,0,1015.5311453744499,51.25506607929515,3.8475330396475766,-999,-999,Wed Nov 19 2014 03:00:00 GMT-0500 (EST),-999
0x815B,-6.6230046948356875,-7.922065727699541,175.28169014084506,1016.3740375586859,52.30328638497656,3.8435680751173695,-999,-999,Wed Nov 19 2014 05:00:00 GMT-0500 (EST),-999
0x815B,3.547623762376237,1.8757425742574256,34622.683168316835,1018.973118811881,30.861881188118822,3.8717326732673256,-999,-999,Wed Nov 19 2014 07:00:00 GMT-0500 (EST),-999
0x815B,9.34901287553648,8.398712446351936,21828.995708154507,1020.3923605150216,23.416738197424877,3.8736051502145945,-999,-999,Wed Nov 19 2014 09:00:00 GMT-0500 (EST),-999
0x815B,8.688855932203396,8.25508474576272,6699.495762711865,1020.170677966101,25.708898305084727,3.8685593220338994,-999,-999,Wed Nov 19 2014 11:00:00 GMT-0500 (EST),-999
0x815B,7.447276595744681,7.109787234042552,2653.8212765957446,1019.9549787234042,28.157872340425516,3.8918723404255346,-999,-999,Wed Nov 19 2014 13:00:00 GMT-0500 (EST),-999
0x815B,0.029957081545064265,-0.9721030042918457,700.1673819742489,1019.7651931330469,41.44248927038629,3.8772103004291862,-999,-999,Wed Nov 19 2014 15:00:00 GMT-0500 (EST),-999
0x815B,-3.18125,-4.3125,0,1020.0250000000001,52.9375,3.8412500000000005,-999,-999,Wed Nov 19 2014 17:00:00 GMT-0500 (EST),-999
0x815B,-4.568144329896907,-5.818556701030925,0,1017.6706185567008,71.12783505154638,3.786391752577322,-999,-999,Wed Nov 19 2014 21:00:00 GMT-0500 (EST),-999
0x815B,-1.7151898734177238,-2.8548523206751035,0,1017.4206329113923,64.05147679324898,3.823628691983122,-999,-999,Wed Nov 19 2014 23:00:00 GMT-0500 (EST),-999
0x815B,-0.036848739495798324,-1.0831932773109256,0,1016.393235294117,59.76008403361344,3.842815126050421,-999,-999,Thu Nov 20 2014 01:00:00 GMT-0500 (EST),-999
0x815B,-0.08325000000000007,-1.1424999999999987,0,1014.5837916666661,63.045000000000044,3.843500000000001,-999,-999,Thu Nov 20 2014 03:00:00 GMT-0500 (EST),-999
0x815B,-2.7858823529411767,-3.9239495798319313,98.57563025210084,1012.7406722689083,71.51260504201676,3.8262184873949563,-999,-999,Thu Nov 20 2014 05:00:00 GMT-0500 (EST),-999
0x815B,4.965319148936169,3.7799999999999985,13223.468085106382,1012.916127659575,57.24212765957454,3.8460425531914892,-999,-999,Thu Nov 20 2014 07:00:00 GMT-0500 (EST),-999
0x815B,15.204229074889868,14.387224669603539,20633.079295154184,1012.2440088105724,31.87312775330394,3.8510132158590307,-999,-999,Thu Nov 20 2014 09:00:00 GMT-0500 (EST),-999
0x815B,14.70740425531915,14.293191489361694,7165.906382978724,1009.977744680851,31.028085106382985,3.8691914893617003,-999,-999,Thu Nov 20 2014 11:00:00 GMT-0500 (EST),-999
0x815B,12.315901639344254,12.126229508196724,2881.3169398907103,1008.6963387978146,33.731693989071026,3.866010928961747,-999,-999,Thu Nov 20 2014 13:00:00 GMT-0500 (EST),-999
0x815B,7.236132596685086,6.410497237569055,719.9613259668508,1007.9003314917124,41.518784530386725,3.882541436464086,-999,-999,Thu Nov 20 2014 15:00:00 GMT-0500 (EST),-999
0x815B,3.81781420765028,2.8606557377049215,0,1009.3874316939886,50.22513661202182,3.882513661202184,-999,-999,Thu Nov 20 2014 17:00:00 GMT-0500 (EST),-999
0x815B,0.6356499999999997,-0.4080000000000002,0,1010.6456500000002,58.74250000000001,3.8790500000000003,-999,-999,Thu Nov 20 2014 19:00:00 GMT-0500 (EST),-999
0x815B,-2.0733333333333333,-3.18,0,1010.9246666666666,65.65333333333335,3.9153333333333338,-999,-999,Thu Nov 20 2014 21:00:00 GMT-0500 (EST),-999
0x815B,-3.7084375,-4.884375000000001,0,1011.9900000000004,69.22187500000001,3.7921875000000003,-999,-999,Thu Nov 20 2014 23:00:00 GMT-0500 (EST),-999
0x815B,-2.6027659574468074,-3.7539007092198546,0,1012.945319148936,54.83120567375885,3.8253191489361718,-999,-999,Fri Nov 21 2014 01:00:00 GMT-0500 (EST),-999
0x815B,-3.5095555555555547,-4.669999999999997,0,1013.5385555555557,55.32555555555557,3.8403333333333327,-999,-999,Fri Nov 21 2014 03:00:00 GMT-0500 (EST),-999
0x815B,-5.102232142857143,-6.389285714285712,288.0892857142857,1016.6599107142857,62.45982142857139,3.8288392857142846,-999,-999,Fri Nov 21 2014 05:00:00 GMT-0500 (EST),-999
0x815B,4.196815920398011,2.6268656716417915,30869.248756218905,1017.3179601990055,35.13781094527362,3.8305970149253734,-999,-999,Fri Nov 21 2014 07:00:00 GMT-0500 (EST),-999
0x815B,10.605283842794753,9.76986899563318,21704.69868995633,1019.0447161572052,23.348471615720513,3.831135371179037,-999,-999,Fri Nov 21 2014 09:00:00 GMT-0500 (EST),-999
0x815B,8.597478632478644,8.187606837606836,6947.51282051282,1019.3219658119658,25.752991452991445,3.86188034188034,-999,-999,Fri Nov 21 2014 11:00:00 GMT-0500 (EST),-999
0x815B,6.0268376068376,5.609401709401717,2754.811965811966,1020.6260683760687,29.591452991452975,3.8654700854700828,-999,-999,Fri Nov 21 2014 13:00:00 GMT-0500 (EST),-999
0x815B,-0.33017621145374426,-1.369603524229075,618.6167400881058,1022.931850220264,38.204405286343594,3.868590308370043,-999,-999,Fri Nov 21 2014 15:00:00 GMT-0500 (EST),-999
0x815B,-3.615882352941177,-4.816470588235292,0,1024.602823529412,46.1470588235294,3.8903529411764692,-999,-999,Fri Nov 21 2014 17:00:00 GMT-0500 (EST),-999
0x815B,-4.484615384615385,-5.396153846153845,0,1033.329230769231,51.126923076923084,3.8334615384615387,-999,-999,Fri Nov 21 2014 19:00:00 GMT-0500 (EST),-999
0x815B,-6.779812500000001,-8.086874999999988,0,1027.8687499999999,56.395,3.8038125000000003,-999,-999,Fri Nov 21 2014 21:00:00 GMT-0500 (EST),-999
0x815B,-6.854058577405852,-8.155230125523014,0,1028.6078242677816,54.12217573221757,3.8416736401673663,-999,-999,Fri Nov 21 2014 23:00:00 GMT-0500 (EST),-999
0x815B,-10.01289592760181,-11.468325791855204,0,1029.074615384615,69.69638009049777,3.833529411764704,-999,-999,Sat Nov 22 2014 01:00:00 GMT-0500 (EST),-999
0x815B,-8.52538461538462,-9.918461538461546,0,1028.9240000000002,67.36974358974359,3.824564102564103,-999,-999,Sat Nov 22 2014 03:00:00 GMT-0500 (EST),-999
0x815B,-10.2975,-11.75,0,1028.815,72.725,3.795,-999,-999,Sat Nov 22 2014 05:00:00 GMT-0500 (EST),-999
0x815B,5.125130890052355,3.4722513089005216,36678.32460732984,1029.6385340314134,35.263874345549745,3.8336649214659686,-999,-999,Sat Nov 22 2014 07:00:00 GMT-0500 (EST),-999
0x815B,10.552345679012348,9.541358024691352,22796.882716049382,1028.8648765432104,25.57716049382716,3.849259259259259,-999,-999,Sat Nov 22 2014 09:00:00 GMT-0500 (EST),-999
0x815B,9.739276315789471,9.108552631578942,6622.9276315789475,1024.9279605263157,31.788157894736845,3.8331578947368428,-999,-999,Sat Nov 22 2014 11:00:00 GMT-0500 (EST),-999
0x815B,9.045,8.536363636363644,3015.1363636363635,1022.7169480519481,34.871428571428574,3.8588311688311703,-999,-999,Sat Nov 22 2014 13:00:00 GMT-0500 (EST),-999
0x815B,4.373519999999997,3.684,465.248,1022.4414399999997,45.412,3.868159999999999,-999,-999,Sat Nov 22 2014 15:00:00 GMT-0500 (EST),-999
0x815B,4.35648,3.4359999999999986,0,1021.5027200000003,53.32959999999999,3.865919999999999,-999,-999,Sat Nov 22 2014 17:00:00 GMT-0500 (EST),-999
0x815B,5.383923076923081,4.419230769230769,0,1019.5034615384614,56.99461538461542,3.8471538461538457,-999,-999,Sat Nov 22 2014 19:00:00 GMT-0500 (EST),-999
0x815B,5.803046874999998,4.860937500000004,0,1018.7596875000003,55.17734374999999,3.8632031249999974,-999,-999,Sat Nov 22 2014 21:00:00 GMT-0500 (EST),-999
0x815B,6.5102684563758455,5.585234899328852,0,1018.2955033557055,52.0013422818792,3.8534228187919455,-999,-999,Sat Nov 22 2014 23:00:00 GMT-0500 (EST),-999
0x815B,7.262616279069752,6.3593023255814005,0,1018.4680232558143,51.39127906976745,3.854534883720929,-999,-999,Sun Nov 23 2014 01:00:00 GMT-0500 (EST),-999
0x815B,7.527243243243257,6.618918918918911,0,1018.8511891891897,48.51513513513516,3.8615135135135117,-999,-999,Sun Nov 23 2014 03:00:00 GMT-0500 (EST),-999
0x815B,7.682448979591838,6.7770408163265365,58.36734693877551,1019.3196938775517,48.79897959183671,3.855357142857141,-999,-999,Sun Nov 23 2014 05:00:00 GMT-0500 (EST),-999
0x815B,8.201862745098044,7.290686274509799,2186.8088235294117,1020.2953431372551,50.152941176470584,3.8661764705882375,-999,-999,Sun Nov 23 2014 07:00:00 GMT-0500 (EST),-999
0x815B,14.61635135135135,13.94774774774775,10989.950450450451,1021.248513513514,41.5108108108108,3.8875675675675705,-999,-999,Sun Nov 23 2014 09:00:00 GMT-0500 (EST),-999
0x815B,19.82795652173912,19.469130434782628,7677.595652173913,1020.3287391304339,33.62478260869566,3.876521739130433,-999,-999,Sun Nov 23 2014 11:00:00 GMT-0500 (EST),-999
0x815B,19.231410256410268,19.052564102564105,2785.277777777778,1020.1447435897434,36.75982905982902,3.8757264957264956,-999,-999,Sun Nov 23 2014 13:00:00 GMT-0500 (EST),-999
0x815B,13.107236842105264,12.453947368421053,1367.25,1020.5847368421053,46.588157894736845,3.8473684210526327,-999,-999,Sun Nov 23 2014 15:00:00 GMT-0500 (EST),-999
0x815B,16.373138686131387,15.791970802919705,51.54744525547445,1003.8496350364964,95.94525547445252,3.8993430656934325,-999,-999,Mon Nov 24 2014 15:00:00 GMT-0500 (EST),-999
0x815B,16.55226495726492,15.727777777777726,0,1004.8601709401705,94.15598290598281,3.8858974358974354,-999,-999,Mon Nov 24 2014 17:00:00 GMT-0500 (EST),-999
0x815B,16.18299145299146,15.494871794871772,0,1005.6252564102564,86.79615384615387,3.9036324786324754,-999,-999,Mon Nov 24 2014 19:00:00 GMT-0500 (EST),-999
0x815B,15.12724576271187,14.447881355932171,0,1006.2758050847459,87.90508474576272,3.9106355932203405,-999,-999,Mon Nov 24 2014 21:00:00 GMT-0500 (EST),-999
0x815B,15.064364406779665,14.383474576271205,0,1006.7361864406774,88.70847457627123,3.9004237288135593,-999,-999,Mon Nov 24 2014 23:00:00 GMT-0500 (EST),-999
0x815B,14.73831223628693,14.055274261603383,0,1007.5438396624464,88.73375527426161,3.9014345991561203,-999,-999,Tue Nov 25 2014 01:00:00 GMT-0500 (EST),-999
0x815B,14.232264957264949,13.560683760683755,0,1008.0798717948717,88.29145299145296,3.90747863247863,-999,-999,Tue Nov 25 2014 03:00:00 GMT-0500 (EST),-999
0x815B,13.819033613445367,13.051260504201712,36.09243697478992,1009.7774789915965,88.4676470588236,3.9085294117647056,-999,-999,Tue Nov 25 2014 05:00:00 GMT-0500 (EST),-999
0x815B,14.507489361702115,13.755319148936172,2412.876595744681,1011.0357446808516,85.55872340425537,3.8968085106382984,-999,-999,Tue Nov 25 2014 07:00:00 GMT-0500 (EST),-999
0x815B,19.468644067796596,18.79152542372881,7582.080508474576,1012.2968220338981,59.51525423728811,3.9152542372881345,-999,-999,Tue Nov 25 2014 09:00:00 GMT-0500 (EST),-999
0x815B,18.52547008547009,17.829487179487174,3260.119658119658,1012.6055128205128,49.829059829059815,3.9019230769230786,-999,-999,Tue Nov 25 2014 11:00:00 GMT-0500 (EST),-999
0x815B,16.721737288135575,16.01864406779661,1652.9745762711864,1012.6165254237286,38.297457627118646,3.897796610169494,-999,-999,Tue Nov 25 2014 13:00:00 GMT-0500 (EST),-999
0x815B,13.609327731092442,12.867647058823525,234.8109243697479,1013.5007983193285,41.76890756302521,3.903067226890758,-999,-999,Tue Nov 25 2014 15:00:00 GMT-0500 (EST),-999
0x815B,10.95649789029538,10.162025316455686,0,1014.9409704641346,50.25189873417723,3.9251054852320664,-999,-999,Tue Nov 25 2014 17:00:00 GMT-0500 (EST),-999
0x815B,7.3163025210084065,6.455882352941174,0,1016.8902100840334,60.659663865546165,3.912268907563024,-999,-999,Tue Nov 25 2014 19:00:00 GMT-0500 (EST),-999
0x815B,6.955504201680666,6.061344537815137,0,1018.5226470588237,57.16428571428567,3.8881932773109273,-999,-999,Tue Nov 25 2014 21:00:00 GMT-0500 (EST),-999
0x815B,7.579790794979087,6.6974895397489504,0,1019.8136820083687,52.91506276150631,3.9060251046025094,-999,-999,Tue Nov 25 2014 23:00:00 GMT-0500 (EST),-999
0x815B,7.121779661016954,6.2699152542372785,0,1021.0810169491526,54.8220338983051,3.896694915254236,-999,-999,Wed Nov 26 2014 01:00:00 GMT-0500 (EST),-999
0x815B,6.670928270042192,5.762447257383968,0,1021.5682278481015,56.103375527426174,3.879493670886076,-999,-999,Wed Nov 26 2014 03:00:00 GMT-0500 (EST),-999
0x815B,7.230940170940178,6.320085470085466,3.1623931623931623,1020.9444871794877,54.598290598290596,3.907863247863244,-999,-999,Wed Nov 26 2014 05:00:00 GMT-0500 (EST),-999
0x815B,7.524830508474585,6.6220338983050855,190.58050847457628,1021.1225847457625,59.88855932203386,3.9066949152542385,-999,-999,Wed Nov 26 2014 07:00:00 GMT-0500 (EST),-999
0x815B,5.73940677966101,4.832203389830506,400.7881355932203,1020.8447881355929,81.07711864406778,3.899915254237289,-999,-999,Wed Nov 26 2014 09:00:00 GMT-0500 (EST),-999
0x815B,5.384913793103447,4.4469827586206945,594.4698275862069,1018.0532758620686,91.78146551724137,3.8938362068965517,-999,-999,Wed Nov 26 2014 11:00:00 GMT-0500 (EST),-999
0x815B,5.675639534883717,4.7569767441860344,332.24418604651163,1015.1893023255817,94.94302325581386,3.894651162790701,-999,-999,Wed Nov 26 2014 13:00:00 GMT-0500 (EST),-999
0x815B,9.064505494505497,8.797802197802202,2303.4945054945056,1017.4252747252742,52.453846153846136,3.1583516483516467,-999,-999,Mon Dec 15 2014 13:00:00 GMT-0500 (EST),-999
0x815B,2.928661087866102,1.9502092050209177,507.8661087866109,1017.8097907949783,69.63430962343101,3.1427615062761523,-999,-999,Mon Dec 15 2014 15:00:00 GMT-0500 (EST),-999
0x815B,2.856412556053808,1.8246636771300457,0,1018.9653811659189,75.34484304932734,3.1448878923766834,-999,-999,Mon Dec 15 2014 17:00:00 GMT-0500 (EST),-999
0x815B,3.2873221757322177,2.3112970711297147,0,1020.0348535564852,74.32133891213392,3.1362761506276158,-999,-999,Mon Dec 15 2014 19:00:00 GMT-0500 (EST),-999
0x815B,3.1556302521008432,2.1651260504201724,0,1020.011974789917,75.86428571428571,3.132899159663865,-999,-999,Mon Dec 15 2014 21:00:00 GMT-0500 (EST),-999
0x815B,3.3566386554621976,2.381092436974792,0,1020.2011344537821,76.48151260504213,3.1346638655462185,-999,-999,Mon Dec 15 2014 23:00:00 GMT-0500 (EST),-999
0x815B,3.071589958159001,2.108786610878663,0,1020.4635564853556,75.71297071129712,3.128493723849373,-999,-999,Tue Dec 16 2014 01:00:00 GMT-0500 (EST),-999
0x815B,2.853273809523805,1.923809523809524,0,1020.2695833333329,77.23511904761908,3.135357142857142,-999,-999,Tue Dec 16 2014 03:00:00 GMT-0500 (EST),-999