"conds","fog","hail","rain","snow","thunder","tornado","temp","vis","precip","date","year","month","day","hour","minute","second","tzname"
Clear,0,0,0,0,0,0,1.7,16.1,-9999.00,2015/04/01 00:52:00,2015,04,01,00,52,00,America/New_York
Clear,0,0,0,0,0,0,2.2,16.1,-9999.00,2015/04/01 01:52:00,2015,04,01,01,52,00,America/New_York
Clear,0,0,0,0,0,0,2.2,16.1,-9999.00,2015/04/01 02:52:00,2015,04,01,02,52,00,America/New_York
Clear,0,0,0,0,0,0,1.7,16.1,-9999.00,2015/04/01 03:52:00,2015,04,01,03,52,00,America/New_York
Clear,0,0,0,0,0,0,1.1,16.1,-9999.00,2015/04/01 04:52:00,2015,04,01,04,52,00,America/New_York
Clear,0,0,0,0,0,0,0.0,16.1,-9999.00,2015/04/01 05:52:00,2015,04,01,05,52,00,America/New_York
Clear,0,0,0,0,0,0,-0.6,16.1,-9999.00,2015/04/01 06:52:00,2015,04,01,06,52,00,America/New_York
Clear,0,0,0,0,0,0,1.1,16.1,-9999.00,2015/04/01 07:52:00,2015,04,01,07,52,00,America/New_York
Clear,0,0,0,0,0,0,2.2,16.1,-9999.00,2015/04/01 08:52:00,2015,04,01,08,52,00,America/New_York
Clear,0,0,0,0,0,0,2.8,16.1,-9999.00,2015/04/01 09:52:00,2015,04,01,09,52,00,America/New_York
Clear,0,0,0,0,0,0,3.9,16.1,-9999.00,2015/04/01 10:52:00,2015,04,01,10,52,00,America/New_York
Clear,0,0,0,0,0,0,5.0,16.1,-9999.00,2015/04/01 11:52:00,2015,04,01,11,52,00,America/New_York
Clear,0,0,0,0,0,0,6.1,16.1,-9999.00,2015/04/01 12:52:00,2015,04,01,12,52,00,America/New_York
Clear,0,0,0,0,0,0,7.2,16.1,-9999.00,2015/04/01 13:52:00,2015,04,01,13,52,00,America/New_York
Clear,0,0,0,0,0,0,7.8,16.1,-9999.00,2015/04/01 14:52:00,2015,04,01,14,52,00,America/New_York
Clear,0,0,0,0,0,0,6.7,16.1,-9999.00,2015/04/01 15:52:00,2015,04,01,15,52,00,America/New_York
Clear,0,0,0,0,0,0,7.8,16.1,-9999.00,2015/04/01 16:52:00,2015,04,01,16,52,00,America/New_York
Clear,0,0,0,0,0,0,7.8,16.1,-9999.00,2015/04/01 17:52:00,2015,04,01,17,52,00,America/New_York
Clear,0,0,0,0,0,0,5.0,16.1,-9999.00,2015/04/01 18:52:00,2015,04,01,18,52,00,America/New_York
Clear,0,0,0,0,0,0,2.8,16.1,-9999.00,2015/04/01 19:52:00,2015,04,01,19,52,00,America/New_York
Clear,0,0,0,0,0,0,-1.1,16.1,-9999.00,2015/04/01 20:52:00,2015,04,01,20,52,00,America/New_York
Clear,0,0,0,0,0,0,-2.8,16.1,-9999.00,2015/04/01 21:52:00,2015,04,01,21,52,00,America/New_York
Clear,0,0,0,0,0,0,-3.3,16.1,-9999.00,2015/04/01 22:52:00,2015,04,01,22,52,00,America/New_York
Clear,0,0,0,0,0,0,-3.9,16.1,-9999.00,2015/04/01 23:52:00,2015,04,01,23,52,00,America/New_York
Clear,0,0,0,0,0,0,-4.4,16.1,-9999.00,2015/04/02 00:52:00,2015,04,02,00,52,00,America/New_York
Clear,0,0,0,0,0,0,-5.0,16.1,-9999.00,2015/04/02 01:52:00,2015,04,02,01,52,00,America/New_York
Clear,0,0,0,0,0,0,-5.0,16.1,-9999.00,2015/04/02 02:52:00,2015,04,02,02,52,00,America/New_York
Clear,0,0,0,0,0,0,-5.6,16.1,-9999.00,2015/04/02 03:52:00,2015,04,02,03,52,00,America/New_York
Clear,0,0,0,0,0,0,-6.1,16.1,-9999.00,2015/04/02 04:52:00,2015,04,02,04,52,00,America/New_York
Clear,0,0,0,0,0,0,-6.7,16.1,-9999.00,2015/04/02 05:52:00,2015,04,02,05,52,00,America/New_York
Clear,0,0,0,0,0,0,-5.6,16.1,-9999.00,2015/04/02 06:52:00,2015,04,02,06,52,00,America/New_York
Overcast,0,0,0,0,0,0,-3.3,16.1,-9999.00,2015/04/02 07:52:00,2015,04,02,07,52,00,America/New_York
Scattered Clouds,0,0,0,0,0,0,1.1,16.1,-9999.00,2015/04/02 08:52:00,2015,04,02,08,52,00,America/New_York
Mostly Cloudy,0,0,0,0,0,0,3.9,16.1,-9999.00,2015/04/02 09:52:00,2015,04,02,09,52,00,America/New_York
Mostly Cloudy,0,0,0,0,0,0,7.2,16.1,-9999.00,2015/04/02 10:52:00,2015,04,02,10,52,00,America/New_York
Scattered Clouds,0,0,0,0,0,0,10.0,16.1,-9999.00,2015/04/02 11:52:00,2015,04,02,11,52,00,America/New_York
Partly Cloudy,0,0,0,0,0,0,10.6,16.1,-9999.00,2015/04/02 12:52:00,2015,04,02,12,52,00,America/New_York
Clear,0,0,0,0,0,0,12.2,16.1,-9999.00,2015/04/02 13:52:00,2015,04,02,13,52,00,America/New_York
Clear,0,0,0,0,0,0,12.2,16.1,-9999.00,2015/04/02 14:52:00,2015,04,02,14,52,00,America/New_York
Clear,0,0,0,0,0,0,12.2,16.1,-9999.00,2015/04/02 15:52:00,2015,04,02,15,52,00,America/New_York
Clear,0,0,0,0,0,0,11.7,16.1,-9999.00,2015/04/02 16:52:00,2015,04,02,16,52,00,America/New_York
Clear,0,0,0,0,0,0,11.1,16.1,-9999.00,2015/04/02 17:52:00,2015,04,02,17,52,00,America/New_York
Clear,0,0,0,0,0,0,9.4,16.1,-9999.00,2015/04/02 18:52:00,2015,04,02,18,52,00,America/New_York
Clear,0,0,0,0,0,0,9.4,16.1,-9999.00,2015/04/02 19:52:00,2015,04,02,19,52,00,America/New_York
Clear,0,0,0,0,0,0,10.0,16.1,-9999.00,2015/04/02 20:52:00,2015,04,02,20,52,00,America/New_York
Clear,0,0,0,0,0,0,9.4,16.1,-9999.00,2015/04/02 21:52:00,2015,04,02,21,52,00,America/New_York
Light Rain,0,0,1,0,0,0,9.4,16.1,0.0,2015/04/02 22:52:00,2015,04,02,22,52,00,America/New_York
Light Rain,0,0,1,0,0,0,10.0,16.1,0.0,2015/04/02 23:52:00,2015,04,02,23,52,00,America/New_York
Light Rain,0,0,1,0,0,0,9.4,16.1,0.3,2015/04/03 00:52:00,2015,04,03,00,52,00,America/New_York
Overcast,0,0,0,0,0,0,10.6,16.1,0.0,2015/04/03 01:52:00,2015,04,03,01,52,00,America/New_York
Overcast,0,0,0,0,0,0,10.0,16.1,-9999.00,2015/04/03 02:52:00,2015,04,03,02,52,00,America/New_York
Overcast,0,0,0,0,0,0,10.0,16.1,0.0,2015/04/03 03:52:00,2015,04,03,03,52,00,America/New_York
Overcast,0,0,0,0,0,0,9.4,16.1,0.0,2015/04/03 04:52:00,2015,04,03,04,52,00,America/New_York
Light Rain,0,0,1,0,0,0,8.9,16.1,0.0,2015/04/03 05:52:00,2015,04,03,05,52,00,America/New_York
Light Rain,0,0,1,0,0,0,8.3,16.1,0.3,2015/04/03 06:52:00,2015,04,03,06,52,00,America/New_York
Mostly Cloudy,0,0,0,0,0,0,8.9,16.1,0.0,2015/04/03 07:52:00,2015,04,03,07,52,00,America/New_York
Clear,0,0,0,0,0,0,8.9,14.5,-9999.00,2015/04/03 08:52:00,2015,04,03,08,52,00,America/New_York
Scattered Clouds,0,0,0,0,0,0,8.9,14.5,-9999.00,2015/04/03 09:52:00,2015,04,03,09,52,00,America/New_York
Overcast,0,0,0,0,0,0,10.6,16.1,-9999.00,2015/04/03 10:52:00,2015,04,03,10,52,00,America/New_York
Light Rain,0,0,1,0,0,0,11.1,16.1,0.0,2015/04/03 11:52:00,2015,04,03,11,52,00,America/New_York
Light Rain,0,0,1,0,0,0,11.7,12.9,0.5,2015/04/03 12:52:00,2015,04,03,12,52,00,America/New_York
Light Rain,0,0,1,0,0,0,11.1,14.5,0.0,2015/04/03 13:52:00,2015,04,03,13,52,00,America/New_York
Overcast,0,0,0,0,0,0,11.1,12.9,0.0,2015/04/03 14:52:00,2015,04,03,14,52,00,America/New_York
Overcast,0,0,0,0,0,0,9.4,9.7,-9999.00,2015/04/03 15:52:00,2015,04,03,15,52,00,America/New_York
Light Rain,0,0,1,0,0,0,8.9,3.2,0.3,2015/04/03 16:34:00,2015,04,03,16,34,00,America/New_York
Rain,0,0,1,0,0,0,9.0,2.4,1.3,2015/04/03 16:47:00,2015,04,03,16,47,00,America/New_York
Rain,0,0,1,0,0,0,8.9,2.8,1.5,2015/04/03 16:52:00,2015,04,03,16,52,00,America/New_York
Light Rain,0,0,1,0,0,0,8.9,3.2,0.3,2015/04/03 17:00:00,2015,04,03,17,00,00,America/New_York
Light Rain,0,0,1,0,0,0,8.9,4.8,1.0,2015/04/03 17:29:00,2015,04,03,17,29,00,America/New_York
Rain,0,0,1,0,0,0,8.9,3.2,1.5,2015/04/03 17:41:00,2015,04,03,17,41,00,America/New_York
Light Rain,0,0,1,0,0,0,8.9,4.8,1.8,2015/04/03 17:52:00,2015,04,03,17,52,00,America/New_York
Light Rain,0,0,1,0,0,0,8.9,4.0,0.0,2015/04/03 17:57:00,2015,04,03,17,57,00,America/New_York
Light Rain,0,0,1,0,0,0,8.9,4.8,0.3,2015/04/03 18:07:00,2015,04,03,18,07,00,America/New_York
Light Rain,0,0,1,0,0,0,8.3,4.0,0.5,2015/04/03 18:14:00,2015,04,03,18,14,00,America/New_York
Light Rain,0,0,1,0,0,0,8.3,4.0,1.3,2015/04/03 18:45:00,2015,04,03,18,45,00,America/New_York
Light Rain,0,0,1,0,0,0,8.3,4.0,1.3,2015/04/03 18:52:00,2015,04,03,18,52,00,America/New_York
Light Rain,0,0,1,0,0,0,7.8,6.4,0.3,2015/04/03 19:14:00,2015,04,03,19,14,00,America/New_York
Overcast,0,0,0,0,0,0,7.8,6.4,0.5,2015/04/03 19:52:00,2015,04,03,19,52,00,America/New_York
Light Rain,0,0,1,0,0,0,7.8,2.8,0.0,2015/04/03 20:10:00,2015,04,03,20,10,00,America/New_York
Overcast,0,0,0,0,0,0,7.2,2.8,0.0,2015/04/03 20:52:00,2015,04,03,20,52,00,America/New_York
Overcast,0,0,0,0,0,0,6.7,1.2,-9999.00,2015/04/03 21:14:00,2015,04,03,21,14,00,America/New_York
Fog,1,0,0,0,0,0,6.7,0.4,-9999.00,2015/04/03 21:52:00,2015,04,03,21,52,00,America/New_York
Fog,1,0,0,0,0,0,6.7,0.8,-9999.00,2015/04/03 22:07:00,2015,04,03,22,07,00,America/New_York
Overcast,0,0,0,0,0,0,6.1,2.0,-9999.00,2015/04/03 22:52:00,2015,04,03,22,52,00,America/New_York
Overcast,0,0,0,0,0,0,6.1,4.0,-9999.00,2015/04/03 23:04:00,2015,04,03,23,04,00,America/New_York
Overcast,0,0,0,0,0,0,6.1,2.0,-9999.00,2015/04/03 23:15:00,2015,04,03,23,15,00,America/New_York
Mist,0,0,0,0,0,0,6.1,1.2,-9999.00,2015/04/03 23:30:00,2015,04,03,23,30,00,America/New_York
Fog,1,0,0,0,0,0,6.1,0.8,-9999.00,2015/04/03 23:52:00,2015,04,03,23,52,00,America/New_York
Mist,0,0,0,0,0,0,6.1,1.2,-9999.00,2015/04/04 00:52:00,2015,04,04,00,52,00,America/New_York
Light Rain,0,0,1,0,0,0,6.1,1.6,0.0,2015/04/04 01:21:00,2015,04,04,01,21,00,America/New_York
Light Rain,0,0,1,0,0,0,6.1,4.0,0.0,2015/04/04 01:38:00,2015,04,04,01,38,00,America/New_York
Overcast,0,0,0,0,0,0,6.0,1.6,0.0,2015/04/04 01:49:00,2015,04,04,01,49,00,America/New_York
Overcast,0,0,0,0,0,0,6.1,1.6,0.0,2015/04/04 01:52:00,2015,04,04,01,52,00,America/New_York
Mist,0,0,0,0,0,0,6.1,1.2,-9999.00,2015/04/04 02:03:00,2015,04,04,02,03,00,America/New_York
Fog,1,0,0,0,0,0,6.1,0.8,-9999.00,2015/04/04 02:52:00,2015,04,04,02,52,00,America/New_York
Fog,1,0,0,0,0,0,6.1,0.8,0.0,2015/04/04 03:52:00,2015,04,04,03,52,00,America/New_York
Fog,1,0,0,0,0,0,6.7,0.8,-9999.00,2015/04/04 04:52:00,2015,04,04,04,52,00,America/New_York
Overcast,0,0,0,0,0,0,7.8,1.2,0.0,2015/04/04 05:52:00,2015,04,04,05,52,00,America/New_York
Overcast,0,0,0,0,0,0,8.3,1.6,-9999.00,2015/04/04 06:03:00,2015,04,04,06,03,00,America/New_York
Light Rain,0,0,1,0,0,0,8.9,4.0,0.0,2015/04/04 06:45:00,2015,04,04,06,45,00,America/New_York
Light Rain,0,0,1,0,0,0,8.9,4.8,0.0,2015/04/04 06:52:00,2015,04,04,06,52,00,America/New_York
Overcast,0,0,0,0,0,0,9.0,2.8,0.0,2015/04/04 07:50:00,2015,04,04,07,50,00,America/New_York
Overcast,0,0,0,0,0,0,8.9,2.8,0.0,2015/04/04 07:51:00,2015,04,04,07,51,00,America/New_York
Overcast,0,0,0,0,0,0,8.3,1.2,-9999.00,2015/04/04 08:03:00,2015,04,04,08,03,00,America/New_York
Overcast,0,0,0,0,0,0,8.3,3.2,-9999.00,2015/04/04 08:22:00,2015,04,04,08,22,00,America/New_York
Overcast,0,0,0,0,0,0,8.3,11.3,-9999.00,2015/04/04 08:30:00,2015,04,04,08,30,00,America/New_York
Overcast,0,0,0,0,0,0,8.3,16.1,0.0,2015/04/04 08:52:00,2015,04,04,08,52,00,America/New_York
Overcast,0,0,0,0,0,0,8.3,16.1,-9999.00,2015/04/04 09:29:00,2015,04,04,09,29,00,America/New_York
Mostly Cloudy,0,0,0,0,0,0,8.9,16.1,-9999.00,2015/04/04 09:40:00,2015,04,04,09,40,00,America/New_York
Partly Cloudy,0,0,0,0,0,0,9.4,16.1,-9999.00,2015/04/04 09:52:00,2015,04,04,09,52,00,America/New_York
Mostly Cloudy,0,0,0,0,0,0,9.4,16.1,-9999.00,2015/04/04 10:25:00,2015,04,04,10,25,00,America/New_York
Mostly Cloudy,0,0,0,0,0,0,10.6,16.1,-9999.00,2015/04/04 10:52:00,2015,04,04,10,52,00,America/New_York
Scattered Clouds,0,0,0,0,0,0,10.6,16.1,-9999.00,2015/04/04 10:59:00,2015,04,04,10,59,00,America/New_York
Overcast,0,0,0,0,0,0,11.1,16.1,-9999.00,2015/04/04 11:52:00,2015,04,04,11,52,00,America/New_York
Overcast,0,0,0,0,0,0,11.1,16.1,-9999.00,2015/04/04 12:52:00,2015,04,04,12,52,00,America/New_York
Overcast,0,0,0,0,0,0,10.6,16.1,-9999.00,2015/04/04 13:52:00,2015,04,04,13,52,00,America/New_York
Partly Cloudy,0,0,0,0,0,0,10.0,16.1,-9999.00,2015/04/04 14:52:00,2015,04,04,14,52,00,America/New_York
Clear,0,0,0,0,0,0,9.4,16.1,-9999.00,2015/04/04 15:52:00,2015,04,04,15,52,00,America/New_York
Clear,0,0,0,0,0,0,8.9,16.1,-9999.00,2015/04/04 16:52:00,2015,04,04,16,52,00,America/New_York
Partly Cloudy,0,0,0,0,0,0,8.3,16.1,-9999.00,2015/04/04 17:52:00,2015,04,04,17,52,00,America/New_York
Partly Cloudy,0,0,0,0,0,0,6.7,16.1,-9999.00,2015/04/04 18:52:00,2015,04,04,18,52,00,America/New_York
Clear,0,0,0,0,0,0,4.4,16.1,-9999.00,2015/04/04 19:52:00,2015,04,04,19,52,00,America/New_York
Clear,0,0,0,0,0,0,3.3,16.1,-9999.00,2015/04/04 20:52:00,2015,04,04,20,52,00,America/New_York
Clear,0,0,0,0,0,0,0.0,16.1,-9999.00,2015/04/04 21:52:00,2015,04,04,21,52,00,America/New_York
Clear,0,0,0,0,0,0,1.7,16.1,-9999.00,2015/04/04 22:52:00,2015,04,04,22,52,00,America/New_York
Clear,0,0,0,0,0,0,1.7,16.1,-9999.00,2015/04/04 23:52:00,2015,04,04,23,52,00,America/New_York
Clear,0,0,0,0,0,0,1.1,16.1,-9999.00,2015/04/05 00:52:00,2015,04,05,00,52,00,America/New_York
Clear,0,0,0,0,0,0,0.6,16.1,-9999.00,2015/04/05 01:52:00,2015,04,05,01,52,00,America/New_York
Clear,0,0,0,0,0,0,0.0,16.1,-9999.00,2015/04/05 02:52:00,2015,04,05,02,52,00,America/New_York
Clear,0,0,0,0,0,0,-0.6,16.1,-9999.00,2015/04/05 03:52:00,2015,04,05,03,52,00,America/New_York
Mostly Cloudy,0,0,0,0,0,0,-1.1,16.1,-9999.00,2015/04/05 04:52:00,2015,04,05,04,52,00,America/New_York
Clear,0,0,0,0,0,0,-0.6,16.1,-9999.00,2015/04/05 05:52:00,2015,04,05,05,52,00,America/New_York
Clear,0,0,0,0,0,0,0.0,16.1,-9999.00,2015/04/05 06:52:00,2015,04,05,06,52,00,America/New_York
Clear,0,0,0,0,0,0,2.8,16.1,-9999.00,2015/04/05 07:52:00,2015,04,05,07,52,00,America/New_York
Clear,0,0,0,0,0,0,5.0,16.1,-9999.00,2015/04/05 08:52:00,2015,04,05,08,52,00,America/New_York
Clear,0,0,0,0,0,0,6.7,16.1,-9999.00,2015/04/05 09:52:00,2015,04,05,09,52,00,America/New_York
Clear,0,0,0,0,0,0,7.8,16.1,-9999.00,2015/04/05 10:52:00,2015,04,05,10,52,00,America/New_York
Clear,0,0,0,0,0,0,8.9,16.1,-9999.00,2015/04/05 11:52:00,2015,04,05,11,52,00,America/New_York
Overcast,0,0,0,0,0,0,10.0,16.1,-9999.00,2015/04/05 12:52:00,2015,04,05,12,52,00,America/New_York
Overcast,0,0,0,0,0,0,9.4,16.1,-9999.00,2015/04/05 13:52:00,2015,04,05,13,52,00,America/New_York
Overcast,0,0,0,0,0,0,8.9,16.1,-9999.00,2015/04/05 14:52:00,2015,04,05,14,52,00,America/New_York
Light Rain,0,0,1,0,0,0,6.7,16.1,0.0,2015/04/05 15:52:00,2015,04,05,15,52,00,America/New_York
Light Rain,0,0,1,0,0,0,5.0,16.1,0.0,2015/04/05 16:52:00,2015,04,05,16,52,00,America/New_York
Light Rain,0,0,1,0,0,0,3.3,14.5,0.0,2015/04/05 17:52:00,2015,04,05,17,52,00,America/New_York
Overcast,0,0,0,0,0,0,2.8,16.1,0.3,2015/04/05 18:52:00,2015,04,05,18,52,00,America/New_York
Mostly Cloudy,0,0,0,0,0,0,2.2,16.1,-9999.00,2015/04/05 19:52:00,2015,04,05,19,52,00,America/New_York
Overcast,0,0,0,0,0,0,2.2,16.1,-9999.00,2015/04/05 20:52:00,2015,04,05,20,52,00,America/New_York
Overcast,0,0,0,0,0,0,2.2,16.1,0.0,2015/04/05 21:52:00,2015,04,05,21,52,00,America/New_York
Light Rain,0,0,1,0,0,0,2.2,16.1,0.0,2015/04/05 22:52:00,2015,04,05,22,52,00,America/New_York
Light Rain,0,0,1,0,0,0,2.2,12.9,0.0,2015/04/05 23:31:00,2015,04,05,23,31,00,America/New_York
Light Rain,0,0,1,0,0,0,1.7,16.1,0.3,2015/04/05 23:52:00,2015,04,05,23,52,00,America/New_York
Overcast,0,0,0,0,0,0,1.7,16.1,0.0,2015/04/06 00:28:00,2015,04,06,00,28,00,America/New_York
Light Rain,0,0,1,0,0,0,1.7,16.1,0.0,2015/04/06 00:52:00,2015,04,06,00,52,00,America/New_York
Overcast,0,0,0,0,0,0,1.7,16.1,0.0,2015/04/06 01:52:00,2015,04,06,01,52,00,America/New_York
Mostly Cloudy,0,0,0,0,0,0,1.7,16.1,-9999.00,2015/04/06 02:52:00,2015,04,06,02,52,00,America/New_York
Overcast,0,0,0,0,0,0,0.6,8.0,-9999.00,2015/04/06 03:52:00,2015,04,06,03,52,00,America/New_York
Mostly Cloudy,0,0,0,0,0,0,0.6,9.7,-9999.00,2015/04/06 04:52:00,2015,04,06,04,52,00,America/New_York
Overcast,0,0,0,0,0,0,0.0,2.8,-9999.00,2015/04/06 05:10:00,2015,04,06,05,10,00,America/New_York
Overcast,0,0,0,0,0,0,0.6,4.8,-9999.00,2015/04/06 05:18:00,2015,04,06,05,18,00,America/New_York
Mostly Cloudy,0,0,0,0,0,0,0.0,4.0,-9999.00,2015/04/06 05:50:00,2015,04,06,05,50,00,America/New_York
Mostly Cloudy,0,0,0,0,0,0,0.0,4.0,-9999.00,2015/04/06 05:52:00,2015,04,06,05,52,00,America/New_York
Mostly Cloudy,0,0,0,0,0,0,-0.6,4.8,-9999.00,2015/04/06 05:56:00,2015,04,06,05,56,00,America/New_York
Mostly Cloudy,0,0,0,0,0,0,0.0,2.8,-9999.00,2015/04/06 06:03:00,2015,04,06,06,03,00,America/New_York
Overcast,0,0,0,0,0,0,-1.1,1.6,-9999.00,2015/04/06 06:16:00,2015,04,06,06,16,00,America/New_York
Overcast,0,0,0,0,0,0,-1.1,1.2,-9999.00,2015/04/06 06:26:00,2015,04,06,06,26,00,America/New_York
Light Freezing Fog,1,0,0,0,0,0,-1.1,0.4,-9999.00,2015/04/06 06:32:00,2015,04,06,06,32,00,America/New_York
Mostly Cloudy,0,0,0,0,0,0,-1.7,1.6,-9999.00,2015/04/06 06:43:00,2015,04,06,06,43,00,America/New_York
Mostly Cloudy,0,0,0,0,0,0,-1.0,1.2,-9999.00,2015/04/06 06:49:00,2015,04,06,06,49,00,America/New_York
Light Freezing Fog,1,0,0,0,0,0,-1.1,0.8,-9999.00,2015/04/06 06:52:00,2015,04,06,06,52,00,America/New_York
Scattered Clouds,0,0,0,0,0,0,-1.1,3.2,-9999.00,2015/04/06 07:07:00,2015,04,06,07,07,00,America/New_York
Mostly Cloudy,0,0,0,0,0,0,-0.6,6.4,-9999.00,2015/04/06 07:15:00,2015,04,06,07,15,00,America/New_York
Overcast,0,0,0,0,0,0,1.1,9.7,-9999.00,2015/04/06 07:52:00,2015,04,06,07,52,00,America/New_York
Mostly Cloudy,0,0,0,0,0,0,3.9,16.1,-9999.00,2015/04/06 08:52:00,2015,04,06,08,52,00,America/New_York
Mostly Cloudy,0,0,0,0,0,0,5.6,16.1,-9999.00,2015/04/06 09:52:00,2015,04,06,09,52,00,America/New_York
Overcast,0,0,0,0,0,0,6.7,16.1,-9999.00,2015/04/06 10:52:00,2015,04,06,10,52,00,America/New_York
Partly Cloudy,0,0,0,0,0,0,8.3,16.1,-9999.00,2015/04/06 11:52:00,2015,04,06,11,52,00,America/New_York
Clear,0,0,0,0,0,0,10.0,16.1,-9999.00,2015/04/06 12:52:00,2015,04,06,12,52,00,America/New_York
Clear,0,0,0,0,0,0,9.4,16.1,-9999.00,2015/04/06 13:52:00,2015,04,06,13,52,00,America/New_York
Clear,0,0,0,0,0,0,10.0,16.1,-9999.00,2015/04/06 14:52:00,2015,04,06,14,52,00,America/New_York
Clear,0,0,0,0,0,0,11.1,16.1,-9999.00,2015/04/06 15:52:00,2015,04,06,15,52,00,America/New_York
Clear,0,0,0,0,0,0,11.1,16.1,-9999.00,2015/04/06 16:52:00,2015,04,06,16,52,00,America/New_York
Clear,0,0,0,0,0,0,9.4,16.1,-9999.00,2015/04/06 17:52:00,2015,04,06,17,52,00,America/New_York
Clear,0,0,0,0,0,0,8.3,16.1,-9999.00,2015/04/06 18:52:00,2015,04,06,18,52,00,America/New_York
Mostly Cloudy,0,0,0,0,0,0,7.2,16.1,-9999.00,2015/04/06 19:52:00,2015,04,06,19,52,00,America/New_York
Partly Cloudy,0,0,0,0,0,0,5.0,16.1,-9999.00,2015/04/06 20:52:00,2015,04,06,20,52,00,America/New_York
Scattered Clouds,0,0,0,0,0,0,5.6,16.1,-9999.00,2015/04/06 21:52:00,2015,04,06,21,52,00,America/New_York
Overcast,0,0,0,0,0,0,5.6,16.1,-9999.00,2015/04/06 22:52:00,2015,04,06,22,52,00,America/New_York
Clear,0,0,0,0,0,0,6.1,16.1,-9999.00,2015/04/06 23:52:00,2015,04,06,23,52,00,America/New_York
Overcast,0,0,0,0,0,0,5.6,16.1,-9999.00,2015/04/07 00:52:00,2015,04,07,00,52,00,America/New_York
Mostly Cloudy,0,0,0,0,0,0,5.6,16.1,-9999.00,2015/04/07 01:52:00,2015,04,07,01,52,00,America/New_York
Overcast,0,0,0,0,0,0,5.6,16.1,-9999.00,2015/04/07 02:52:00,2015,04,07,02,52,00,America/New_York
Overcast,0,0,0,0,0,0,5.0,16.1,-9999.00,2015/04/07 03:52:00,2015,04,07,03,52,00,America/New_York
Overcast,0,0,0,0,0,0,4.4,16.1,-9999.00,2015/04/07 04:41:00,2015,04,07,04,41,00,America/New_York
Overcast,0,0,0,0,0,0,4.4,16.1,-9999.00,2015/04/07 04:52:00,2015,04,07,04,52,00,America/New_York
Overcast,0,0,0,0,0,0,3.9,16.1,-9999.00,2015/04/07 05:52:00,2015,04,07,05,52,00,America/New_York
Overcast,0,0,0,0,0,0,3.9,12.9,-9999.00,2015/04/07 06:52:00,2015,04,07,06,52,00,America/New_York
Overcast,0,0,0,0,0,0,4.4,12.9,-9999.00,2015/04/07 07:00:00,2015,04,07,07,00,00,America/New_York
Overcast,0,0,0,0,0,0,4.4,16.1,-9999.00,2015/04/07 07:52:00,2015,04,07,07,52,00,America/New_York
Overcast,0,0,0,0,0,0,4.4,16.1,-9999.00,2015/04/07 08:52:00,2015,04,07,08,52,00,America/New_York
Overcast,0,0,0,0,0,0,4.4,14.5,0.0,2015/04/07 09:52:00,2015,04,07,09,52,00,America/New_York
Overcast,0,0,0,0,0,0,4.4,12.9,-9999.00,2015/04/07 10:06:00,2015,04,07,10,06,00,America/New_York
Overcast,0,0,0,0,0,0,4.4,11.3,-9999.00,2015/04/07 10:52:00,2015,04,07,10,52,00,America/New_York
Light Rain,0,0,1,0,0,0,4.4,12.9,0.5,2015/04/07 11:52:00,2015,04,07,11,52,00,America/New_York
Rain,0,0,1,0,0,0,3.9,4.0,0.8,2015/04/07 12:14:00,2015,04,07,12,14,00,America/New_York
Light Rain,0,0,1,0,0,0,4.4,8.0,1.0,2015/04/07 12:22:00,2015,04,07,12,22,00,America/New_York
Light Rain,0,0,1,0,0,0,3.9,4.8,1.8,2015/04/07 12:52:00,2015,04,07,12,52,00,America/New_York
Light Rain,0,0,1,0,0,0,3.9,8.0,2.3,2015/04/07 13:52:00,2015,04,07,13,52,00,America/New_York
Light Rain,0,0,1,0,0,0,3.9,14.5,0.0,2015/04/07 14:52:00,2015,04,07,14,52,00,America/New_York
Light Rain,0,0,1,0,0,0,3.3,14.5,0.3,2015/04/07 15:52:00,2015,04,07,15,52,00,America/New_York
Overcast,0,0,0,0,0,0,3.3,11.3,0.0,2015/04/07 16:52:00,2015,04,07,16,52,00,America/New_York
Light Rain,0,0,1,0,0,0,2.8,6.4,0.3,2015/04/07 17:52:00,2015,04,07,17,52,00,America/New_York
Rain,0,0,1,0,0,0,2.8,6.4,1.0,2015/04/07 18:44:00,2015,04,07,18,44,00,America/New_York
Rain,0,0,1,0,0,0,2.8,8.0,1.3,2015/04/07 18:52:00,2015,04,07,18,52,00,America/New_York
Light Rain,0,0,1,0,0,0,2.8,9.7,0.5,2015/04/07 19:12:00,2015,04,07,19,12,00,America/New_York
Light Rain,0,0,1,0,0,0,2.8,12.9,0.5,2015/04/07 19:24:00,2015,04,07,19,24,00,America/New_York
Rain,0,0,1,0,0,0,2.8,12.9,1.0,2015/04/07 19:52:00,2015,04,07,19,52,00,America/New_York
Overcast,0,0,0,0,0,0,2.8,16.1,0.0,2015/04/07 20:52:00,2015,04,07,20,52,00,America/New_York
Overcast,0,0,0,0,0,0,2.8,16.1,-9999.00,2015/04/07 21:02:00,2015,04,07,21,02,00,America/New_York
Overcast,0,0,0,0,0,0,2.8,16.1,-9999.00,2015/04/07 21:33:00,2015,04,07,21,33,00,America/New_York
Overcast,0,0,0,0,0,0,2.8,16.1,-9999.00,2015/04/07 21:52:00,2015,04,07,21,52,00,America/New_York
Overcast,0,0,0,0,0,0,2.8,16.1,-9999.00,2015/04/07 22:52:00,2015,04,07,22,52,00,America/New_York
Overcast,0,0,0,0,0,0,3.3,16.1,-9999.00,2015/04/07 23:52:00,2015,04,07,23,52,00,America/New_York
Overcast,0,0,0,0,0,0,3.3,16.1,-9999.00,2015/04/08 00:09:00,2015,04,08,00,09,00,America/New_York
Mostly Cloudy,0,0,0,0,0,0,2.8,16.1,-9999.00,2015/04/08 00:52:00,2015,04,08,00,52,00,America/New_York
Scattered Clouds,0,0,0,0,0,0,2.8,16.1,-9999.00,2015/04/08 01:52:00,2015,04,08,01,52,00,America/New_York
Mostly Cloudy,0,0,0,0,0,0,2.8,16.1,-9999.00,2015/04/08 02:24:00,2015,04,08,02,24,00,America/New_York
Scattered Clouds,0,0,0,0,0,0,2.8,16.1,-9999.00,2015/04/08 02:52:00,2015,04,08,02,52,00,America/New_York
Partly Cloudy,0,0,0,0,0,0,1.7,16.1,-9999.00,2015/04/08 03:52:00,2015,04,08,03,52,00,America/New_York
Scattered Clouds,0,0,0,0,0,0,2.2,16.1,-9999.00,2015/04/08 04:27:00,2015,04,08,04,27,00,America/New_York
Mostly Cloudy,0,0,0,0,0,0,2.2,16.1,-9999.00,2015/04/08 04:42:00,2015,04,08,04,42,00,America/New_York
Scattered Clouds,0,0,0,0,0,0,2.2,16.1,-9999.00,2015/04/08 04:52:00,2015,04,08,04,52,00,America/New_York
Mostly Cloudy,0,0,0,0,0,0,3.0,16.1,-9999.00,2015/04/08 05:50:00,2015,04,08,05,50,00,America/New_York
Mostly Cloudy,0,0,0,0,0,0,2.8,16.1,-9999.00,2015/04/08 05:52:00,2015,04,08,05,52,00,America/New_York
Overcast,0,0,0,0,0,0,2.8,16.1,-9999.00,2015/04/08 06:52:00,2015,04,08,06,52,00,America/New_York
Scattered Clouds,0,0,0,0,0,0,3.0,16.1,-9999.00,2015/04/08 07:47:00,2015,04,08,07,47,00,America/New_York
Partly Cloudy,0,0,0,0,0,0,3.3,16.1,-9999.00,2015/04/08 07:52:00,2015,04,08,07,52,00,America/New_York
Clear,0,0,0,0,0,0,4.4,16.1,-9999.00,2015/04/08 08:52:00,2015,04,08,08,52,00,America/New_York
Scattered Clouds,0,0,0,0,0,0,5.0,16.1,-9999.00,2015/04/08 09:52:00,2015,04,08,09,52,00,America/New_York
Partly Cloudy,0,0,0,0,0,0,5.0,16.1,-9999.00,2015/04/08 10:52:00,2015,04,08,10,52,00,America/New_York
Partly Cloudy,0,0,0,0,0,0,5.6,16.1,-9999.00,2015/04/08 11:52:00,2015,04,08,11,52,00,America/New_York
Mostly Cloudy,0,0,0,0,0,0,5.6,16.1,-9999.00,2015/04/08 12:38:00,2015,04,08,12,38,00,America/New_York
Mostly Cloudy,0,0,0,0,0,0,5.0,16.1,-9999.00,2015/04/08 12:52:00,2015,04,08,12,52,00,America/New_York
Overcast,0,0,0,0,0,0,3.9,16.1,-9999.00,2015/04/08 13:52:00,2015,04,08,13,52,00,America/New_York
Overcast,0,0,0,0,0,0,3.9,16.1,-9999.00,2015/04/08 14:52:00,2015,04,08,14,52,00,America/New_York
Overcast,0,0,0,0,0,0,3.9,16.1,-9999.00,2015/04/08 15:45:00,2015,04,08,15,45,00,America/New_York
Overcast,0,0,0,0,0,0,3.9,16.1,-9999.00,2015/04/08 15:52:00,2015,04,08,15,52,00,America/New_York
Light Rain,0,0,1,0,0,0,3.9,14.5,0.0,2015/04/08 16:08:00,2015,04,08,16,08,00,America/New_York
Light Rain,0,0,1,0,0,0,3.9,16.1,0.3,2015/04/08 16:52:00,2015,04,08,16,52,00,America/New_York
Light Rain,0,0,1,0,0,0,2.8,16.1,0.3,2015/04/08 17:52:00,2015,04,08,17,52,00,America/New_York
Light Rain,0,0,1,0,0,0,2.8,16.1,0.5,2015/04/08 18:52:00,2015,04,08,18,52,00,America/New_York
Overcast,0,0,0,0,0,0,2.2,16.1,0.0,2015/04/08 19:52:00,2015,04,08,19,52,00,America/New_York
Overcast,0,0,0,0,0,0,2.2,16.1,0.0,2015/04/08 20:52:00,2015,04,08,20,52,00,America/New_York
Overcast,0,0,0,0,0,0,2.8,16.1,0.0,2015/04/08 21:52:00,2015,04,08,21,52,00,America/New_York
Light Rain,0,0,1,0,0,0,2.2,9.7,0.3,2015/04/08 22:43:00,2015,04,08,22,43,00,America/New_York
Rain,0,0,1,0,0,0,2.2,6.4,0.5,2015/04/08 22:52:00,2015,04,08,22,52,00,America/New_York
Rain,0,0,1,0,0,0,1.7,6.4,1.3,2015/04/08 23:29:00,2015,04,08,23,29,00,America/New_York
Light Rain,0,0,1,0,0,0,1.7,6.4,1.3,2015/04/08 23:41:00,2015,04,08,23,41,00,America/New_York
Light Rain,0,0,1,0,0,0,1.7,6.4,1.3,2015/04/08 23:52:00,2015,04,08,23,52,00,America/New_York
Light Rain,0,0,1,0,0,0,1.7,6.4,0.3,2015/04/09 00:52:00,2015,04,09,00,52,00,America/New_York
Rain,0,0,1,0,0,0,1.7,6.4,0.0,2015/04/09 01:05:00,2015,04,09,01,05,00,America/New_York
Rain,0,0,1,0,0,0,1.1,4.8,1.0,2015/04/09 01:37:00,2015,04,09,01,37,00,America/New_York
Rain,0,0,1,0,0,0,1.1,4.0,1.3,2015/04/09 01:44:00,2015,04,09,01,44,00,America/New_York
Rain,0,0,1,0,0,0,1.1,4.8,1.8,2015/04/09 01:52:00,2015,04,09,01,52,00,America/New_York
Light Rain,0,0,1,0,0,0,1.1,8.0,0.3,2015/04/09 02:52:00,2015,04,09,02,52,00,America/New_York
Light Rain,0,0,1,0,0,0,1.1,4.8,0.5,2015/04/09 03:52:00,2015,04,09,03,52,00,America/New_York
Light Rain,0,0,1,0,0,0,1.7,4.8,0.3,2015/04/09 04:52:00,2015,04,09,04,52,00,America/New_York
Light Rain,0,0,1,0,0,0,1.7,4.8,0.0,2015/04/09 05:52:00,2015,04,09,05,52,00,America/New_York
Light Rain,0,0,1,0,0,0,1.7,4.0,0.0,2015/04/09 06:02:00,2015,04,09,06,02,00,America/New_York
Light Rain,0,0,1,0,0,0,1.7,2.4,0.0,2015/04/09 06:41:00,2015,04,09,06,41,00,America/New_York
Light Rain,0,0,1,0,0,0,1.7,2.4,0.3,2015/04/09 06:52:00,2015,04,09,06,52,00,America/New_York
Light Rain,0,0,1,0,0,0,1.7,2.0,0.0,2015/04/09 07:52:00,2015,04,09,07,52,00,America/New_York
Light Rain,0,0,1,0,0,0,2.2,2.8,0.0,2015/04/09 08:52:00,2015,04,09,08,52,00,America/New_York
Light Rain,0,0,1,0,0,0,2.2,2.8,0.0,2015/04/09 09:24:00,2015,04,09,09,24,00,America/New_York
Light Rain,0,0,1,0,0,0,2.8,2.8,0.0,2015/04/09 09:38:00,2015,04,09,09,38,00,America/New_York
Overcast,0,0,0,0,0,0,2.2,2.8,0.0,2015/04/09 09:52:00,2015,04,09,09,52,00,America/New_York
Overcast,0,0,0,0,0,0,2.8,3.2,0.0,2015/04/09 10:01:00,2015,04,09,10,01,00,America/New_York
Overcast,0,0,0,0,0,0,2.8,2.8,0.0,2015/04/09 10:29:00,2015,04,09,10,29,00,America/New_York
Overcast,0,0,0,0,0,0,2.8,2.8,0.0,2015/04/09 10:52:00,2015,04,09,10,52,00,America/New_York
Overcast,0,0,0,0,0,0,2.8,4.0,0.0,2015/04/09 11:03:00,2015,04,09,11,03,00,America/New_York
Overcast,0,0,0,0,0,0,2.8,6.4,0.0,2015/04/09 11:12:00,2015,04,09,11,12,00,America/New_York
Overcast,0,0,0,0,0,0,2.8,6.4,0.0,2015/04/09 11:32:00,2015,04,09,11,32,00,America/New_York
Overcast,0,0,0,0,0,0,2.8,3.2,0.0,2015/04/09 11:52:00,2015,04,09,11,52,00,America/New_York
Overcast,0,0,0,0,0,0,2.8,2.4,0.0,2015/04/09 12:02:00,2015,04,09,12,02,00,America/New_York
Overcast,0,0,0,0,0,0,3.3,2.4,0.0,2015/04/09 12:34:00,2015,04,09,12,34,00,America/New_York
Light Rain,0,0,1,0,0,0,3.3,2.4,0.0,2015/04/09 12:52:00,2015,04,09,12,52,00,America/New_York
Light Rain,0,0,1,0,0,0,3.3,2.4,0.0,2015/04/09 13:52:00,2015,04,09,13,52,00,America/New_York
Overcast,0,0,0,0,0,0,3.3,3.2,0.0,2015/04/09 14:52:00,2015,04,09,14,52,00,America/New_York
Overcast,0,0,0,0,0,0,3.3,4.8,-9999.00,2015/04/09 15:03:00,2015,04,09,15,03,00,America/New_York
Overcast,0,0,0,0,0,0,3.3,3.2,-9999.00,2015/04/09 15:27:00,2015,04,09,15,27,00,America/New_York
Overcast,0,0,0,0,0,0,3.0,2.8,-9999.00,2015/04/09 15:49:00,2015,04,09,15,49,00,America/New_York
Overcast,0,0,0,0,0,0,2.8,2.8,-9999.00,2015/04/09 15:52:00,2015,04,09,15,52,00,America/New_York
Overcast,0,0,0,0,0,0,2.8,2.4,-9999.00,2015/04/09 16:52:00,2015,04,09,16,52,00,America/New_York
Overcast,0,0,0,0,0,0,2.8,2.0,-9999.00,2015/04/09 17:17:00,2015,04,09,17,17,00,America/New_York
Overcast,0,0,0,0,0,0,2.8,2.8,-9999.00,2015/04/09 17:52:00,2015,04,09,17,52,00,America/New_York
Overcast,0,0,0,0,0,0,2.8,3.2,-9999.00,2015/04/09 18:23:00,2015,04,09,18,23,00,America/New_York
Overcast,0,0,0,0,0,0,2.8,3.2,-9999.00,2015/04/09 18:52:00,2015,04,09,18,52,00,America/New_York
Overcast,0,0,0,0,0,0,2.8,4.0,-9999.00,2015/04/09 19:52:00,2015,04,09,19,52,00,America/New_York
Overcast,0,0,0,0,0,0,2.8,4.0,0.0,2015/04/09 20:52:00,2015,04,09,20,52,00,America/New_York
Overcast,0,0,0,0,0,0,2.8,4.0,-9999.00,2015/04/09 21:52:00,2015,04,09,21,52,00,America/New_York
Overcast,0,0,0,0,0,0,2.8,4.8,-9999.00,2015/04/09 22:22:00,2015,04,09,22,22,00,America/New_York
Overcast,0,0,0,0,0,0,2.8,6.4,-9999.00,2015/04/09 22:52:00,2015,04,09,22,52,00,America/New_York
Overcast,0,0,0,0,0,0,2.8,4.8,-9999.00,2015/04/09 23:52:00,2015,04,09,23,52,00,America/New_York
Overcast,0,0,0,0,0,0,2.8,3.2,-9999.00,2015/04/10 00:05:00,2015,04,10,00,05,00,America/New_York
Overcast,0,0,0,0,0,0,2.8,4.8,-9999.00,2015/04/10 00:21:00,2015,04,10,00,21,00,America/New_York
Overcast,0,0,0,0,0,0,2.8,6.4,-9999.00,2015/04/10 00:52:00,2015,04,10,00,52,00,America/New_York
Overcast,0,0,0,0,0,0,2.8,4.0,-9999.00,2015/04/10 01:14:00,2015,04,10,01,14,00,America/New_York
Overcast,0,0,0,0,0,0,2.8,4.8,-9999.00,2015/04/10 01:28:00,2015,04,10,01,28,00,America/New_York
Overcast,0,0,0,0,0,0,2.8,8.0,-9999.00,2015/04/10 01:52:00,2015,04,10,01,52,00,America/New_York
Overcast,0,0,0,0,0,0,3.3,4.0,-9999.00,2015/04/10 02:38:00,2015,04,10,02,38,00,America/New_York
Overcast,0,0,0,0,0,0,3.3,4.0,-9999.00,2015/04/10 02:52:00,2015,04,10,02,52,00,America/New_York
Overcast,0,0,0,0,0,0,3.3,2.8,-9999.00,2015/04/10 03:20:00,2015,04,10,03,20,00,America/New_York
Overcast,0,0,0,0,0,0,3.3,2.8,-9999.00,2015/04/10 03:38:00,2015,04,10,03,38,00,America/New_York
Overcast,0,0,0,0,0,0,3.3,3.2,-9999.00,2015/04/10 03:42:00,2015,04,10,03,42,00,America/New_York
Overcast,0,0,0,0,0,0,3.3,4.0,-9999.00,2015/04/10 03:52:00,2015,04,10,03,52,00,America/New_York
Overcast,0,0,0,0,0,0,3.3,4.8,-9999.00,2015/04/10 04:11:00,2015,04,10,04,11,00,America/New_York
Overcast,0,0,0,0,0,0,3.3,6.4,-9999.00,2015/04/10 04:33:00,2015,04,10,04,33,00,America/New_York
Overcast,0,0,0,0,0,0,3.3,6.4,-9999.00,2015/04/10 04:52:00,2015,04,10,04,52,00,America/New_York
Light Rain,0,0,1,0,0,0,3.9,9.7,0.0,2015/04/10 05:52:00,2015,04,10,05,52,00,America/New_York
Light Rain,0,0,1,0,0,0,3.9,2.8,0.0,2015/04/10 06:09:00,2015,04,10,06,09,00,America/New_York
Light Rain,0,0,1,0,0,0,3.9,3.2,0.0,2015/04/10 06:20:00,2015,04,10,06,20,00,America/New_York
Light Rain,0,0,1,0,0,0,3.9,1.6,0.3,2015/04/10 06:29:00,2015,04,10,06,29,00,America/New_York
Light Rain,0,0,1,0,0,0,3.9,2.0,0.3,2015/04/10 06:38:00,2015,04,10,06,38,00,America/New_York
Light Rain,0,0,1,0,0,0,3.9,2.0,0.3,2015/04/10 06:52:00,2015,04,10,06,52,00,America/New_York
Overcast,0,0,0,0,0,0,3.9,2.8,0.0,2015/04/10 07:20:00,2015,04,10,07,20,00,America/New_York
Rain,0,0,1,0,0,0,3.9,1.2,0.3,2015/04/10 07:52:00,2015,04,10,07,52,00,America/New_York
Light Rain,0,0,1,0,0,0,3.9,1.6,0.0,2015/04/10 08:01:00,2015,04,10,08,01,00,America/New_York
Fog,1,0,0,0,0,0,4.4,0.8,0.0,2015/04/10 08:10:00,2015,04,10,08,10,00,America/New_York
Rain,0,0,1,0,0,0,4.4,1.2,0.8,2015/04/10 08:52:00,2015,04,10,08,52,00,America/New_York
Light Rain,0,0,1,0,0,0,5.0,3.2,0.0,2015/04/10 09:00:00,2015,04,10,09,00,00,America/New_York
Light Rain,0,0,1,0,0,0,5.0,2.0,0.0,2015/04/10 09:18:00,2015,04,10,09,18,00,America/New_York
Light Rain,0,0,1,0,0,0,5.6,4.8,0.0,2015/04/10 09:32:00,2015,04,10,09,32,00,America/New_York
Overcast,0,0,0,0,0,0,6.1,16.1,0.0,2015/04/10 09:52:00,2015,04,10,09,52,00,America/New_York
Overcast,0,0,0,0,0,0,7.2,16.1,-9999.00,2015/04/10 10:52:00,2015,04,10,10,52,00,America/New_York
Overcast,0,0,0,0,0,0,7.8,16.1,-9999.00,2015/04/10 11:24:00,2015,04,10,11,24,00,America/New_York
Overcast,0,0,0,0,0,0,8.9,16.1,-9999.00,2015/04/10 11:52:00,2015,04,10,11,52,00,America/New_York
Overcast,0,0,0,0,0,0,9.0,2.8,-9999.00,2015/04/10 12:47:00,2015,04,10,12,47,00,America/New_York
Overcast,0,0,0,0,0,0,9.4,2.4,-9999.00,2015/04/10 12:52:00,2015,04,10,12,52,00,America/New_York
Overcast,0,0,0,0,0,0,9.4,2.0,-9999.00,2015/04/10 13:01:00,2015,04,10,13,01,00,America/New_York
Overcast,0,0,0,0,0,0,8.9,1.6,-9999.00,2015/04/10 13:52:00,2015,04,10,13,52,00,America/New_York
Overcast,0,0,0,0,0,0,8.9,1.2,-9999.00,2015/04/10 14:27:00,2015,04,10,14,27,00,America/New_York
Overcast,0,0,0,0,0,0,8.9,1.6,-9999.00,2015/04/10 14:43:00,2015,04,10,14,43,00,America/New_York
Overcast,0,0,0,0,0,0,8.9,2.0,-9999.00,2015/04/10 14:52:00,2015,04,10,14,52,00,America/New_York
Light Rain,0,0,1,0,0,0,9.4,4.0,0.0,2015/04/10 15:22:00,2015,04,10,15,22,00,America/New_York
Overcast,0,0,0,0,0,0,9.4,2.8,0.0,2015/04/10 15:52:00,2015,04,10,15,52,00,America/New_York
Overcast,0,0,0,0,0,0,10.0,1.2,-9999.00,2015/04/10 16:15:00,2015,04,10,16,15,00,America/New_York
Overcast,0,0,0,0,0,0,10.6,1.6,-9999.00,2015/04/10 16:52:00,2015,04,10,16,52,00,America/New_York
Overcast,0,0,0,0,0,0,11.1,3.2,-9999.00,2015/04/10 17:28:00,2015,04,10,17,28,00,America/New_York
Overcast,0,0,0,0,0,0,11.1,8.0,-9999.00,2015/04/10 17:42:00,2015,04,10,17,42,00,America/New_York
Overcast,0,0,0,0,0,0,11.1,8.0,-9999.00,2015/04/10 17:52:00,2015,04,10,17,52,00,America/New_York
Overcast,0,0,0,0,0,0,12.2,4.0,-9999.00,2015/04/10 18:27:00,2015,04,10,18,27,00,America/New_York
Overcast,0,0,0,0,0,0,12.2,6.4,-9999.00,2015/04/10 18:36:00,2015,04,10,18,36,00,America/New_York
Overcast,0,0,0,0,0,0,12.2,11.3,-9999.00,2015/04/10 18:52:00,2015,04,10,18,52,00,America/New_York
Overcast,0,0,0,0,0,0,12.2,16.1,-9999.00,2015/04/10 19:37:00,2015,04,10,19,37,00,America/New_York
Overcast,0,0,0,0,0,0,12.2,16.1,-9999.00,2015/04/10 19:52:00,2015,04,10,19,52,00,America/New_York
Overcast,0,0,0,0,0,0,11.7,16.1,-9999.00,2015/04/10 20:52:00,2015,04,10,20,52,00,America/New_York
Overcast,0,0,0,0,0,0,11.7,16.1,-9999.00,2015/04/10 21:52:00,2015,04,10,21,52,00,America/New_York
Overcast,0,0,0,0,0,0,11.7,16.1,-9999.00,2015/04/10 22:52:00,2015,04,10,22,52,00,America/New_York
Overcast,0,0,0,0,0,0,11.7,14.5,-9999.00,2015/04/10 23:36:00,2015,04,10,23,36,00,America/New_York
Overcast,0,0,0,0,0,0,11.7,12.9,-9999.00,2015/04/10 23:52:00,2015,04,10,23,52,00,America/New_York
Scattered Clouds,0,0,0,0,0,0,11.1,12.9,-9999.00,2015/04/11 00:40:00,2015,04,11,00,40,00,America/New_York
Clear,0,0,0,0,0,0,11.1,12.9,-9999.00,2015/04/11 00:52:00,2015,04,11,00,52,00,America/New_York
Clear,0,0,0,0,0,0,10.6,11.3,-9999.00,2015/04/11 01:52:00,2015,04,11,01,52,00,America/New_York
Clear,0,0,0,0,0,0,10.6,12.9,-9999.00,2015/04/11 02:52:00,2015,04,11,02,52,00,America/New_York
Clear,0,0,0,0,0,0,10.0,16.1,-9999.00,2015/04/11 03:52:00,2015,04,11,03,52,00,America/New_York
Clear,0,0,0,0,0,0,9.4,16.1,-9999.00,2015/04/11 04:52:00,2015,04,11,04,52,00,America/New_York
Clear,0,0,0,0,0,0,9.4,16.1,-9999.00,2015/04/11 05:52:00,2015,04,11,05,52,00,America/New_York
Clear,0,0,0,0,0,0,7.8,16.1,-9999.00,2015/04/11 06:52:00,2015,04,11,06,52,00,America/New_York
Clear,0,0,0,0,0,0,10.0,16.1,-9999.00,2015/04/11 07:52:00,2015,04,11,07,52,00,America/New_York
Clear,0,0,0,0,0,0,11.1,16.1,-9999.00,2015/04/11 08:52:00,2015,04,11,08,52,00,America/New_York
Clear,0,0,0,0,0,0,13.3,16.1,-9999.00,2015/04/11 09:52:00,2015,04,11,09,52,00,America/New_York
Partly Cloudy,0,0,0,0,0,0,13.9,16.1,-9999.00,2015/04/11 10:52:00,2015,04,11,10,52,00,America/New_York
Partly Cloudy,0,0,0,0,0,0,14.4,16.1,-9999.00,2015/04/11 11:52:00,2015,04,11,11,52,00,America/New_York
Clear,0,0,0,0,0,0,13.3,16.1,-9999.00,2015/04/11 12:52:00,2015,04,11,12,52,00,America/New_York
Clear,0,0,0,0,0,0,13.9,16.1,-9999.00,2015/04/11 13:52:00,2015,04,11,13,52,00,America/New_York
Clear,0,0,0,0,0,0,13.3,16.1,-9999.00,2015/04/11 14:52:00,2015,04,11,14,52,00,America/New_York
Partly Cloudy,0,0,0,0,0,0,13.9,16.1,-9999.00,2015/04/11 15:52:00,2015,04,11,15,52,00,America/New_York
Partly Cloudy,0,0,0,0,0,0,13.3,16.1,-9999.00,2015/04/11 16:52:00,2015,04,11,16,52,00,America/New_York
Clear,0,0,0,0,0,0,11.7,16.1,-9999.00,2015/04/11 17:52:00,2015,04,11,17,52,00,America/New_York
Clear,0,0,0,0,0,0,11.1,16.1,-9999.00,2015/04/11 18:52:00,2015,04,11,18,52,00,America/New_York
Clear,0,0,0,0,0,0,9.4,16.1,-9999.00,2015/04/11 19:52:00,2015,04,11,19,52,00,America/New_York
Clear,0,0,0,0,0,0,8.3,16.1,-9999.00,2015/04/11 20:52:00,2015,04,11,20,52,00,America/New_York
Clear,0,0,0,0,0,0,6.7,16.1,-9999.00,2015/04/11 21:52:00,2015,04,11,21,52,00,America/New_York
Clear,0,0,0,0,0,0,5.6,16.1,-9999.00,2015/04/11 22:52:00,2015,04,11,22,52,00,America/New_York
Clear,0,0,0,0,0,0,5.0,16.1,-9999.00,2015/04/11 23:52:00,2015,04,11,23,52,00,America/New_York
Clear,0,0,0,0,0,0,4.4,16.1,-9999.00,2015/04/12 00:52:00,2015,04,12,00,52,00,America/New_York
Clear,0,0,0,0,0,0,3.9,16.1,-9999.00,2015/04/12 01:52:00,2015,04,12,01,52,00,America/New_York
Clear,0,0,0,0,0,0,3.3,16.1,-9999.00,2015/04/12 02:52:00,2015,04,12,02,52,00,America/New_York
Clear,0,0,0,0,0,0,3.3,16.1,-9999.00,2015/04/12 03:52:00,2015,04,12,03,52,00,America/New_York
Clear,0,0,0,0,0,0,2.8,16.1,-9999.00,2015/04/12 04:52:00,2015,04,12,04,52,00,America/New_York
Clear,0,0,0,0,0,0,0.6,16.1,-9999.00,2015/04/12 05:52:00,2015,04,12,05,52,00,America/New_York
Clear,0,0,0,0,0,0,1.7,16.1,-9999.00,2015/04/12 06:52:00,2015,04,12,06,52,00,America/New_York
Clear,0,0,0,0,0,0,5.6,16.1,-9999.00,2015/04/12 07:52:00,2015,04,12,07,52,00,America/New_York
Clear,0,0,0,0,0,0,7.8,16.1,-9999.00,2015/04/12 08:52:00,2015,04,12,08,52,00,America/New_York
Clear,0,0,0,0,0,0,10.6,16.1,-9999.00,2015/04/12 09:52:00,2015,04,12,09,52,00,America/New_York
Clear,0,0,0,0,0,0,12.2,16.1,-9999.00,2015/04/12 10:52:00,2015,04,12,10,52,00,America/New_York
Clear,0,0,0,0,0,0,14.4,16.1,-9999.00,2015/04/12 11:52:00,2015,04,12,11,52,00,America/New_York
Clear,0,0,0,0,0,0,16.1,16.1,-9999.00,2015/04/12 12:52:00,2015,04,12,12,52,00,America/New_York
Clear,0,0,0,0,0,0,16.7,16.1,-9999.00,2015/04/12 13:52:00,2015,04,12,13,52,00,America/New_York
Clear,0,0,0,0,0,0,17.2,16.1,-9999.00,2015/04/12 14:52:00,2015,04,12,14,52,00,America/New_York
Clear,0,0,0,0,0,0,17.8,16.1,-9999.00,2015/04/12 15:52:00,2015,04,12,15,52,00,America/New_York
Clear,0,0,0,0,0,0,16.1,16.1,-9999.00,2015/04/12 16:52:00,2015,04,12,16,52,00,America/New_York
Clear,0,0,0,0,0,0,14.4,16.1,-9999.00,2015/04/12 17:52:00,2015,04,12,17,52,00,America/New_York
Clear,0,0,0,0,0,0,12.8,16.1,-9999.00,2015/04/12 18:52:00,2015,04,12,18,52,00,America/New_York
Clear,0,0,0,0,0,0,9.4,16.1,-9999.00,2015/04/12 19:52:00,2015,04,12,19,52,00,America/New_York
Clear,0,0,0,0,0,0,6.7,16.1,-9999.00,2015/04/12 20:52:00,2015,04,12,20,52,00,America/New_York
Clear,0,0,0,0,0,0,5.6,16.1,-9999.00,2015/04/12 21:52:00,2015,04,12,21,52,00,America/New_York
Clear,0,0,0,0,0,0,4.4,16.1,-9999.00,2015/04/12 22:52:00,2015,04,12,22,52,00,America/New_York
Clear,0,0,0,0,0,0,3.9,16.1,-9999.00,2015/04/12 23:52:00,2015,04,12,23,52,00,America/New_York
Clear,0,0,0,0,0,0,3.3,16.1,-9999.00,2015/04/13 00:52:00,2015,04,13,00,52,00,America/New_York
Clear,0,0,0,0,0,0,2.2,16.1,-9999.00,2015/04/13 01:52:00,2015,04,13,01,52,00,America/New_York
Clear,0,0,0,0,0,0,1.1,16.1,-9999.00,2015/04/13 02:52:00,2015,04,13,02,52,00,America/New_York
Clear,0,0,0,0,0,0,1.7,16.1,-9999.00,2015/04/13 03:52:00,2015,04,13,03,52,00,America/New_York
Clear,0,0,0,0,0,0,1.7,16.1,-9999.00,2015/04/13 04:52:00,2015,04,13,04,52,00,America/New_York
Clear,0,0,0,0,0,0,2.2,16.1,-9999.00,2015/04/13 05:52:00,2015,04,13,05,52,00,America/New_York
Clear,0,0,0,0,0,0,3.9,16.1,-9999.00,2015/04/13 06:52:00,2015,04,13,06,52,00,America/New_York
Clear,0,0,0,0,0,0,6.7,16.1,-9999.00,2015/04/13 07:52:00,2015,04,13,07,52,00,America/New_York
Clear,0,0,0,0,0,0,10.6,16.1,-9999.00,2015/04/13 08:52:00,2015,04,13,08,52,00,America/New_York
Clear,0,0,0,0,0,0,13.9,16.1,-9999.00,2015/04/13 09:52:00,2015,04,13,09,52,00,America/New_York
Clear,0,0,0,0,0,0,16.1,16.1,-9999.00,2015/04/13 10:52:00,2015,04,13,10,52,00,America/New_York
Clear,0,0,0,0,0,0,17.2,16.1,-9999.00,2015/04/13 11:52:00,2015,04,13,11,52,00,America/New_York
Clear,0,0,0,0,0,0,18.3,16.1,-9999.00,2015/04/13 12:52:00,2015,04,13,12,52,00,America/New_York
Clear,0,0,0,0,0,0,16.7,16.1,-9999.00,2015/04/13 13:52:00,2015,04,13,13,52,00,America/New_York
Clear,0,0,0,0,0,0,16.1,16.1,-9999.00,2015/04/13 14:52:00,2015,04,13,14,52,00,America/New_York
Clear,0,0,0,0,0,0,16.7,16.1,-9999.00,2015/04/13 15:52:00,2015,04,13,15,52,00,America/New_York
Clear,0,0,0,0,0,0,15.6,16.1,-9999.00,2015/04/13 16:52:00,2015,04,13,16,52,00,America/New_York
Clear,0,0,0,0,0,0,15.0,16.1,-9999.00,2015/04/13 17:52:00,2015,04,13,17,52,00,America/New_York
Clear,0,0,0,0,0,0,12.8,16.1,-9999.00,2015/04/13 18:52:00,2015,04,13,18,52,00,America/New_York
Clear,0,0,0,0,0,0,11.1,16.1,-9999.00,2015/04/13 19:52:00,2015,04,13,19,52,00,America/New_York
Clear,0,0,0,0,0,0,10.0,16.1,-9999.00,2015/04/13 20:52:00,2015,04,13,20,52,00,America/New_York
Clear,0,0,0,0,0,0,9.4,16.1,-9999.00,2015/04/13 21:52:00,2015,04,13,21,52,00,America/New_York
Clear,0,0,0,0,0,0,9.4,16.1,-9999.00,2015/04/13 22:52:00,2015,04,13,22,52,00,America/New_York
Clear,0,0,0,0,0,0,10.6,16.1,-9999.00,2015/04/13 23:52:00,2015,04,13,23,52,00,America/New_York
Clear,0,0,0,0,0,0,11.1,16.1,-9999.00,2015/04/14 00:52:00,2015,04,14,00,52,00,America/New_York
Clear,0,0,0,0,0,0,11.7,16.1,-9999.00,2015/04/14 01:52:00,2015,04,14,01,52,00,America/New_York
Clear,0,0,0,0,0,0,13.9,16.1,-9999.00,2015/04/14 02:52:00,2015,04,14,02,52,00,America/New_York
Partly Cloudy,0,0,0,0,0,0,13.9,16.1,-9999.00,2015/04/14 03:52:00,2015,04,14,03,52,00,America/New_York
Mostly Cloudy,0,0,0,0,0,0,13.9,16.1,-9999.00,2015/04/14 04:07:00,2015,04,14,04,07,00,America/New_York
Overcast,0,0,0,0,0,0,13.9,16.1,-9999.00,2015/04/14 04:52:00,2015,04,14,04,52,00,America/New_York
Mostly Cloudy,0,0,0,0,0,0,14.4,16.1,-9999.00,2015/04/14 05:15:00,2015,04,14,05,15,00,America/New_York
Scattered Clouds,0,0,0,0,0,0,14.4,16.1,-9999.00,2015/04/14 05:52:00,2015,04,14,05,52,00,America/New_York
Mostly Cloudy,0,0,0,0,0,0,14.4,16.1,-9999.00,2015/04/14 06:04:00,2015,04,14,06,04,00,America/New_York
Overcast,0,0,0,0,0,0,13.9,16.1,-9999.00,2015/04/14 06:52:00,2015,04,14,06,52,00,America/New_York
Overcast,0,0,0,0,0,0,14.4,16.1,-9999.00,2015/04/14 07:31:00,2015,04,14,07,31,00,America/New_York
Overcast,0,0,0,0,0,0,14.4,16.1,-9999.00,2015/04/14 07:52:00,2015,04,14,07,52,00,America/New_York
Overcast,0,0,0,0,0,0,15.0,16.1,-9999.00,2015/04/14 08:52:00,2015,04,14,08,52,00,America/New_York
Light Rain,0,0,1,0,0,0,14.4,16.1,0.0,2015/04/14 09:36:00,2015,04,14,09,36,00,America/New_York
Light Rain,0,0,1,0,0,0,13.9,16.1,0.0,2015/04/14 09:52:00,2015,04,14,09,52,00,America/New_York
Overcast,0,0,0,0,0,0,13.9,16.1,0.0,2015/04/14 10:26:00,2015,04,14,10,26,00,America/New_York
Overcast,0,0,0,0,0,0,13.9,16.1,0.0,2015/04/14 10:52:00,2015,04,14,10,52,00,America/New_York
Overcast,0,0,0,0,0,0,16.1,16.1,-9999.00,2015/04/14 11:52:00,2015,04,14,11,52,00,America/New_York
Overcast,0,0,0,0,0,0,15.6,16.1,-9999.00,2015/04/14 12:52:00,2015,04,14,12,52,00,America/New_York
Scattered Clouds,0,0,0,0,0,0,17.8,16.1,-9999.00,2015/04/14 13:52:00,2015,04,14,13,52,00,America/New_York
Clear,0,0,0,0,0,0,18.9,16.1,-9999.00,2015/04/14 14:52:00,2015,04,14,14,52,00,America/New_York
Clear,0,0,0,0,0,0,18.3,16.1,-9999.00,2015/04/14 15:52:00,2015,04,14,15,52,00,America/New_York
Clear,0,0,0,0,0,0,18.3,16.1,-9999.00,2015/04/14 16:52:00,2015,04,14,16,52,00,America/New_York
Clear,0,0,0,0,0,0,15.6,16.1,-9999.00,2015/04/14 17:52:00,2015,04,14,17,52,00,America/New_York
Clear,0,0,0,0,0,0,13.9,16.1,-9999.00,2015/04/14 18:52:00,2015,04,14,18,52,00,America/New_York
Clear,0,0,0,0,0,0,12.8,16.1,-9999.00,2015/04/14 19:52:00,2015,04,14,19,52,00,America/New_York
Clear,0,0,0,0,0,0,12.2,16.1,-9999.00,2015/04/14 20:52:00,2015,04,14,20,52,00,America/New_York
Clear,0,0,0,0,0,0,11.1,16.1,-9999.00,2015/04/14 21:52:00,2015,04,14,21,52,00,America/New_York
Clear,0,0,0,0,0,0,10.6,16.1,-9999.00,2015/04/14 22:52:00,2015,04,14,22,52,00,America/New_York
Clear,0,0,0,0,0,0,10.0,16.1,-9999.00,2015/04/14 23:52:00,2015,04,14,23,52,00,America/New_York
Clear,0,0,0,0,0,0,8.9,16.1,-9999.00,2015/04/15 00:52:00,2015,04,15,00,52,00,America/New_York
Clear,0,0,0,0,0,0,10.6,16.1,-9999.00,2015/04/15 01:52:00,2015,04,15,01,52,00,America/New_York
Clear,0,0,0,0,0,0,11.1,16.1,-9999.00,2015/04/15 02:52:00,2015,04,15,02,52,00,America/New_York
Clear,0,0,0,0,0,0,9.4,16.1,-9999.00,2015/04/15 03:52:00,2015,04,15,03,52,00,America/New_York
Clear,0,0,0,0,0,0,5.0,16.1,-9999.00,2015/04/15 04:52:00,2015,04,15,04,52,00,America/New_York
Clear,0,0,0,0,0,0,6.1,16.1,-9999.00,2015/04/15 05:52:00,2015,04,15,05,52,00,America/New_York
Clear,0,0,0,0,0,0,8.9,16.1,-9999.00,2015/04/15 06:52:00,2015,04,15,06,52,00,America/New_York
Clear,0,0,0,0,0,0,11.7,16.1,-9999.00,2015/04/15 07:52:00,2015,04,15,07,52,00,America/New_York
Clear,0,0,0,0,0,0,14.4,16.1,-9999.00,2015/04/15 08:52:00,2015,04,15,08,52,00,America/New_York
Clear,0,0,0,0,0,0,16.7,16.1,-9999.00,2015/04/15 09:52:00,2015,04,15,09,52,00,America/New_York
Clear,0,0,0,0,0,0,17.2,16.1,-9999.00,2015/04/15 10:52:00,2015,04,15,10,52,00,America/New_York
Clear,0,0,0,0,0,0,16.7,16.1,-9999.00,2015/04/15 11:52:00,2015,04,15,11,52,00,America/New_York
Clear,0,0,0,0,0,0,16.7,16.1,-9999.00,2015/04/15 12:52:00,2015,04,15,12,52,00,America/New_York
Clear,0,0,0,0,0,0,16.7,16.1,-9999.00,2015/04/15 13:52:00,2015,04,15,13,52,00,America/New_York
Clear,0,0,0,0,0,0,16.7,16.1,-9999.00,2015/04/15 14:52:00,2015,04,15,14,52,00,America/New_York
Clear,0,0,0,0,0,0,16.7,16.1,-9999.00,2015/04/15 15:52:00,2015,04,15,15,52,00,America/New_York
Clear,0,0,0,0,0,0,15.6,16.1,-9999.00,2015/04/15 16:52:00,2015,04,15,16,52,00,America/New_York
Clear,0,0,0,0,0,0,14.4,16.1,-9999.00,2015/04/15 17:52:00,2015,04,15,17,52,00,America/New_York
Clear,0,0,0,0,0,0,13.3,16.1,-9999.00,2015/04/15 18:52:00,2015,04,15,18,52,00,America/New_York
Clear,0,0,0,0,0,0,10.6,16.1,-9999.00,2015/04/15 19:52:00,2015,04,15,19,52,00,America/New_York
Clear,0,0,0,0,0,0,8.3,16.1,-9999.00,2015/04/15 20:52:00,2015,04,15,20,52,00,America/New_York
Clear,0,0,0,0,0,0,5.0,16.1,-9999.00,2015/04/15 21:52:00,2015,04,15,21,52,00,America/New_York
Clear,0,0,0,0,0,0,2.8,16.1,-9999.00,2015/04/15 22:52:00,2015,04,15,22,52,00,America/New_York
Clear,0,0,0,0,0,0,4.4,16.1,-9999.00,2015/04/15 23:52:00,2015,04,15,23,52,00,America/New_York
Clear,0,0,0,0,0,0,2.2,16.1,-9999.00,2015/04/16 00:52:00,2015,04,16,00,52,00,America/New_York
Clear,0,0,0,0,0,0,1.7,16.1,-9999.00,2015/04/16 01:52:00,2015,04,16,01,52,00,America/New_York
Clear,0,0,0,0,0,0,-0.6,16.1,-9999.00,2015/04/16 02:52:00,2015,04,16,02,52,00,America/New_York
Clear,0,0,0,0,0,0,-1.1,16.1,-9999.00,2015/04/16 03:52:00,2015,04,16,03,52,00,America/New_York
Clear,0,0,0,0,0,0,-2.2,16.1,-9999.00,2015/04/16 04:52:00,2015,04,16,04,52,00,America/New_York
Clear,0,0,0,0,0,0,-1.7,16.1,-9999.00,2015/04/16 05:52:00,2015,04,16,05,52,00,America/New_York
Clear,0,0,0,0,0,0,0.0,16.1,-9999.00,2015/04/16 06:52:00,2015,04,16,06,52,00,America/New_York
Clear,0,0,0,0,0,0,7.8,16.1,-9999.00,2015/04/16 07:52:00,2015,04,16,07,52,00,America/New_York
Clear,0,0,0,0,0,0,10.0,16.1,-9999.00,2015/04/16 08:52:00,2015,04,16,08,52,00,America/New_York
Clear,0,0,0,0,0,0,10.6,16.1,-9999.00,2015/04/16 09:52:00,2015,04,16,09,52,00,America/New_York
Clear,0,0,0,0,0,0,11.7,16.1,-9999.00,2015/04/16 10:52:00,2015,04,16,10,52,00,America/New_York
Clear,0,0,0,0,0,0,12.8,16.1,-9999.00,2015/04/16 11:52:00,2015,04,16,11,52,00,America/New_York
Clear,0,0,0,0,0,0,13.3,16.1,-9999.00,2015/04/16 12:52:00,2015,04,16,12,52,00,America/New_York
Clear,0,0,0,0,0,0,15.6,16.1,-9999.00,2015/04/16 13:52:00,2015,04,16,13,52,00,America/New_York
Clear,0,0,0,0,0,0,13.3,16.1,-9999.00,2015/04/16 14:52:00,2015,04,16,14,52,00,America/New_York
Clear,0,0,0,0,0,0,13.3,16.1,-9999.00,2015/04/16 15:52:00,2015,04,16,15,52,00,America/New_York
Clear,0,0,0,0,0,0,12.8,16.1,-9999.00,2015/04/16 16:52:00,2015,04,16,16,52,00,America/New_York
Clear,0,0,0,0,0,0,11.7,16.1,-9999.00,2015/04/16 17:52:00,2015,04,16,17,52,00,America/New_York
Clear,0,0,0,0,0,0,9.4,16.1,-9999.00,2015/04/16 18:52:00,2015,04,16,18,52,00,America/New_York
Clear,0,0,0,0,0,0,7.8,16.1,-9999.00,2015/04/16 19:52:00,2015,04,16,19,52,00,America/New_York
Clear,0,0,0,0,0,0,7.2,16.1,-9999.00,2015/04/16 20:52:00,2015,04,16,20,52,00,America/New_York
Clear,0,0,0,0,0,0,6.7,16.1,-9999.00,2015/04/16 21:52:00,2015,04,16,21,52,00,America/New_York
Clear,0,0,0,0,0,0,7.2,16.1,-9999.00,2015/04/16 22:52:00,2015,04,16,22,52,00,America/New_York
Clear,0,0,0,0,0,0,7.8,16.1,-9999.00,2015/04/16 23:52:00,2015,04,16,23,52,00,America/New_York
Clear,0,0,0,0,0,0,8.3,16.1,-9999.00,2015/04/17 00:52:00,2015,04,17,00,52,00,America/New_York
Clear,0,0,0,0,0,0,8.3,16.1,-9999.00,2015/04/17 01:52:00,2015,04,17,01,52,00,America/New_York
Clear,0,0,0,0,0,0,8.3,16.1,-9999.00,2015/04/17 02:52:00,2015,04,17,02,52,00,America/New_York
Clear,0,0,0,0,0,0,8.9,16.1,-9999.00,2015/04/17 03:52:00,2015,04,17,03,52,00,America/New_York
Clear,0,0,0,0,0,0,10.0,16.1,-9999.00,2015/04/17 04:52:00,2015,04,17,04,52,00,America/New_York
Clear,0,0,0,0,0,0,10.0,16.1,-9999.00,2015/04/17 05:52:00,2015,04,17,05,52,00,America/New_York
Mostly Cloudy,0,0,0,0,0,0,10.6,16.1,-9999.00,2015/04/17 06:52:00,2015,04,17,06,52,00,America/New_York
Light Rain,0,0,1,0,0,0,9.4,8.0,1.0,2015/04/17 07:52:00,2015,04,17,07,52,00,America/New_York
Light Rain,0,0,1,0,0,0,9.4,9.7,1.5,2015/04/17 08:52:00,2015,04,17,08,52,00,America/New_York
Light Rain,0,0,1,0,0,0,10.6,9.7,1.0,2015/04/17 09:31:00,2015,04,17,09,31,00,America/New_York
Rain,0,0,1,0,0,0,10.6,6.4,1.3,2015/04/17 09:41:00,2015,04,17,09,41,00,America/New_York
Light Rain,0,0,1,0,0,0,11.1,14.5,1.5,2015/04/17 09:52:00,2015,04,17,09,52,00,America/New_York
Light Rain,0,0,1,0,0,0,12.2,9.7,0.0,2015/04/17 10:52:00,2015,04,17,10,52,00,America/New_York
Overcast,0,0,0,0,0,0,12.8,16.1,0.5,2015/04/17 11:43:00,2015,04,17,11,43,00,America/New_York
Overcast,0,0,0,0,0,0,12.8,16.1,0.5,2015/04/17 11:52:00,2015,04,17,11,52,00,America/New_York
Light Rain,0,0,1,0,0,0,12.8,12.9,0.3,2015/04/17 12:21:00,2015,04,17,12,21,00,America/New_York
Overcast,0,0,0,0,0,0,12.8,16.1,0.3,2015/04/17 12:52:00,2015,04,17,12,52,00,America/New_York
Overcast,0,0,0,0,0,0,13.3,16.1,-9999.00,2015/04/17 13:52:00,2015,04,17,13,52,00,America/New_York
Overcast,0,0,0,0,0,0,14.4,16.1,-9999.00,2015/04/17 14:52:00,2015,04,17,14,52,00,America/New_York
Overcast,0,0,0,0,0,0,15.6,16.1,-9999.00,2015/04/17 15:09:00,2015,04,17,15,09,00,America/New_York
Overcast,0,0,0,0,0,0,15.6,16.1,-9999.00,2015/04/17 15:21:00,2015,04,17,15,21,00,America/New_York
Overcast,0,0,0,0,0,0,16.1,16.1,-9999.00,2015/04/17 15:37:00,2015,04,17,15,37,00,America/New_York
Overcast,0,0,0,0,0,0,16.1,16.1,-9999.00,2015/04/17 15:52:00,2015,04,17,15,52,00,America/New_York
Mostly Cloudy,0,0,0,0,0,0,17.2,16.1,-9999.00,2015/04/17 16:10:00,2015,04,17,16,10,00,America/New_York
Partly Cloudy,0,0,0,0,0,0,16.7,16.1,-9999.00,2015/04/17 16:52:00,2015,04,17,16,52,00,America/New_York
Scattered Clouds,0,0,0,0,0,0,16.1,16.1,-9999.00,2015/04/17 17:52:00,2015,04,17,17,52,00,America/New_York
Mostly Cloudy,0,0,0,0,0,0,15.6,16.1,-9999.00,2015/04/17 18:52:00,2015,04,17,18,52,00,America/New_York
Clear,0,0,0,0,0,0,14.4,16.1,-9999.00,2015/04/17 19:52:00,2015,04,17,19,52,00,America/New_York
Clear,0,0,0,0,0,0,13.3,16.1,-9999.00,2015/04/17 20:52:00,2015,04,17,20,52,00,America/New_York
Clear,0,0,0,0,0,0,11.1,9.7,-9999.00,2015/04/17 21:52:00,2015,04,17,21,52,00,America/New_York
Clear,0,0,0,0,0,0,10.6,2.0,-9999.00,2015/04/17 22:52:00,2015,04,17,22,52,00,America/New_York
Fog,1,0,0,0,0,0,10.0,0.8,-9999.00,2015/04/17 23:02:00,2015,04,17,23,02,00,America/New_York
Clear,0,0,0,0,0,0,10.0,1.6,-9999.00,2015/04/17 23:12:00,2015,04,17,23,12,00,America/New_York
Fog,1,0,0,0,0,0,10.0,0.8,-9999.00,2015/04/17 23:19:00,2015,04,17,23,19,00,America/New_York
Clear,0,0,0,0,0,0,8.9,1.6,-9999.00,2015/04/17 23:29:00,2015,04,17,23,29,00,America/New_York
Clear,0,0,0,0,0,0,9.4,1.2,-9999.00,2015/04/17 23:36:00,2015,04,17,23,36,00,America/New_York
Clear,0,0,0,0,0,0,10.6,4.0,-9999.00,2015/04/17 23:42:00,2015,04,17,23,42,00,America/New_York
Clear,0,0,0,0,0,0,11.0,6.4,-9999.00,2015/04/17 23:49:00,2015,04,17,23,49,00,America/New_York
Clear,0,0,0,0,0,0,10.0,6.4,-9999.00,2015/04/17 23:52:00,2015,04,17,23,52,00,America/New_York
Clear,0,0,0,0,0,0,10.6,3.2,-9999.00,2015/04/18 00:06:00,2015,04,18,00,06,00,America/New_York
Clear,0,0,0,0,0,0,10.0,8.0,-9999.00,2015/04/18 00:16:00,2015,04,18,00,16,00,America/New_York
Clear,0,0,0,0,0,0,8.9,2.8,-9999.00,2015/04/18 00:27:00,2015,04,18,00,27,00,America/New_York
Fog,1,0,0,0,0,0,8.9,0.8,-9999.00,2015/04/18 00:30:00,2015,04,18,00,30,00,America/New_York
Clear,0,0,0,0,0,0,9.4,1.6,-9999.00,2015/04/18 00:43:00,2015,04,18,00,43,00,America/New_York
Clear,0,0,0,0,0,0,10.0,4.0,-9999.00,2015/04/18 00:52:00,2015,04,18,00,52,00,America/New_York
Clear,0,0,0,0,0,0,10.0,6.4,-9999.00,2015/04/18 01:09:00,2015,04,18,01,09,00,America/New_York
Clear,0,0,0,0,0,0,10.6,16.1,-9999.00,2015/04/18 01:52:00,2015,04,18,01,52,00,America/New_York
Clear,0,0,0,0,0,0,10.0,16.1,-9999.00,2015/04/18 02:52:00,2015,04,18,02,52,00,America/New_York
Clear,0,0,0,0,0,0,8.9,16.1,-9999.00,2015/04/18 03:52:00,2015,04,18,03,52,00,America/New_York
Clear,0,0,0,0,0,0,7.2,16.1,-9999.00,2015/04/18 04:52:00,2015,04,18,04,52,00,America/New_York
Clear,0,0,0,0,0,0,5.6,2.4,-9999.00,2015/04/18 05:33:00,2015,04,18,05,33,00,America/New_York
Fog,1,0,0,0,0,0,4.4,0.8,-9999.00,2015/04/18 05:42:00,2015,04,18,05,42,00,America/New_York
Clear,0,0,0,0,0,0,5.0,1.2,-9999.00,2015/04/18 05:52:00,2015,04,18,05,52,00,America/New_York
Fog,1,0,0,0,0,0,3.9,0.4,-9999.00,2015/04/18 06:06:00,2015,04,18,06,06,00,America/New_York
Fog,1,0,0,0,0,0,4.4,0.8,-9999.00,2015/04/18 06:30:00,2015,04,18,06,30,00,America/New_York
Clear,0,0,0,0,0,0,5.6,6.4,-9999.00,2015/04/18 06:52:00,2015,04,18,06,52,00,America/New_York
Clear,0,0,0,0,0,0,10.6,16.1,-9999.00,2015/04/18 07:52:00,2015,04,18,07,52,00,America/New_York
Clear,0,0,0,0,0,0,15.6,16.1,-9999.00,2015/04/18 08:52:00,2015,04,18,08,52,00,America/New_York
Clear,0,0,0,0,0,0,16.7,16.1,-9999.00,2015/04/18 09:52:00,2015,04,18,09,52,00,America/New_York
Clear,0,0,0,0,0,0,17.2,16.1,-9999.00,2015/04/18 10:52:00,2015,04,18,10,52,00,America/New_York
Clear,0,0,0,0,0,0,16.1,16.1,-9999.00,2015/04/18 11:52:00,2015,04,18,11,52,00,America/New_York
Mostly Cloudy,0,0,0,0,0,0,14.4,16.1,-9999.00,2015/04/18 12:52:00,2015,04,18,12,52,00,America/New_York
Clear,0,0,0,0,0,0,18.9,16.1,-9999.00,2015/04/18 13:52:00,2015,04,18,13,52,00,America/New_York
Clear,0,0,0,0,0,0,13.9,16.1,-9999.00,2015/04/18 14:52:00,2015,04,18,14,52,00,America/New_York
Clear,0,0,0,0,0,0,14.4,16.1,-9999.00,2015/04/18 15:52:00,2015,04,18,15,52,00,America/New_York
Clear,0,0,0,0,0,0,18.9,16.1,-9999.00,2015/04/18 16:52:00,2015,04,18,16,52,00,America/New_York
Partly Cloudy,0,0,0,0,0,0,17.8,16.1,-9999.00,2015/04/18 17:52:00,2015,04,18,17,52,00,America/New_York
Partly Cloudy,0,0,0,0,0,0,15.6,16.1,-9999.00,2015/04/18 18:52:00,2015,04,18,18,52,00,America/New_York
Clear,0,0,0,0,0,0,8.9,16.1,-9999.00,2015/04/18 19:52:00,2015,04,18,19,52,00,America/New_York
Clear,0,0,0,0,0,0,7.2,16.1,-9999.00,2015/04/18 20:52:00,2015,04,18,20,52,00,America/New_York
Clear,0,0,0,0,0,0,6.1,16.1,-9999.00,2015/04/18 21:52:00,2015,04,18,21,52,00,America/New_York
Clear,0,0,0,0,0,0,5.0,16.1,-9999.00,2015/04/18 22:52:00,2015,04,18,22,52,00,America/New_York
Clear,0,0,0,0,0,0,5.0,16.1,-9999.00,2015/04/18 23:52:00,2015,04,18,23,52,00,America/New_York
Clear,0,0,0,0,0,0,3.9,16.1,-9999.00,2015/04/19 00:52:00,2015,04,19,00,52,00,America/New_York
Clear,0,0,0,0,0,0,3.9,16.1,-9999.00,2015/04/19 01:52:00,2015,04,19,01,52,00,America/New_York
Clear,0,0,0,0,0,0,5.0,16.1,-9999.00,2015/04/19 02:52:00,2015,04,19,02,52,00,America/New_York
Clear,0,0,0,0,0,0,5.6,16.1,-9999.00,2015/04/19 03:52:00,2015,04,19,03,52,00,America/New_York
Clear,0,0,0,0,0,0,5.0,16.1,-9999.00,2015/04/19 04:52:00,2015,04,19,04,52,00,America/New_York
Clear,0,0,0,0,0,0,2.2,16.1,-9999.00,2015/04/19 05:52:00,2015,04,19,05,52,00,America/New_York
Clear,0,0,0,0,0,0,5.6,16.1,-9999.00,2015/04/19 06:52:00,2015,04,19,06,52,00,America/New_York
Clear,0,0,0,0,0,0,7.8,16.1,-9999.00,2015/04/19 07:52:00,2015,04,19,07,52,00,America/New_York
Clear,0,0,0,0,0,0,8.9,16.1,-9999.00,2015/04/19 08:52:00,2015,04,19,08,52,00,America/New_York
Clear,0,0,0,0,0,0,9.4,16.1,-9999.00,2015/04/19 09:52:00,2015,04,19,09,52,00,America/New_York
Clear,0,0,0,0,0,0,10.0,16.1,-9999.00,2015/04/19 10:52:00,2015,04,19,10,52,00,America/New_York
Clear,0,0,0,0,0,0,9.4,16.1,-9999.00,2015/04/19 11:52:00,2015,04,19,11,52,00,America/New_York
Clear,0,0,0,0,0,0,9.4,16.1,-9999.00,2015/04/19 12:52:00,2015,04,19,12,52,00,America/New_York
Clear,0,0,0,0,0,0,10.0,16.1,-9999.00,2015/04/19 13:52:00,2015,04,19,13,52,00,America/New_York
Clear,0,0,0,0,0,0,10.0,16.1,-9999.00,2015/04/19 14:52:00,2015,04,19,14,52,00,America/New_York
Clear,0,0,0,0,0,0,10.0,16.1,-9999.00,2015/04/19 15:52:00,2015,04,19,15,52,00,America/New_York
Clear,0,0,0,0,0,0,9.4,16.1,-9999.00,2015/04/19 16:52:00,2015,04,19,16,52,00,America/New_York
Clear,0,0,0,0,0,0,9.4,16.1,-9999.00,2015/04/19 17:52:00,2015,04,19,17,52,00,America/New_York
Clear,0,0,0,0,0,0,7.8,16.1,-9999.00,2015/04/19 18:52:00,2015,04,19,18,52,00,America/New_York
Clear,0,0,0,0,0,0,5.0,16.1,-9999.00,2015/04/19 19:52:00,2015,04,19,19,52,00,America/New_York
Clear,0,0,0,0,0,0,5.0,16.1,-9999.00,2015/04/19 20:52:00,2015,04,19,20,52,00,America/New_York
Clear,0,0,0,0,0,0,3.9,16.1,-9999.00,2015/04/19 21:52:00,2015,04,19,21,52,00,America/New_York
Clear,0,0,0,0,0,0,2.8,16.1,-9999.00,2015/04/19 22:52:00,2015,04,19,22,52,00,America/New_York
Clear,0,0,0,0,0,0,3.3,16.1,-9999.00,2015/04/19 23:52:00,2015,04,19,23,52,00,America/New_York
Clear,0,0,0,0,0,0,2.2,16.1,-9999.00,2015/04/20 00:52:00,2015,04,20,00,52,00,America/New_York
Clear,0,0,0,0,0,0,1.1,16.1,-9999.00,2015/04/20 01:52:00,2015,04,20,01,52,00,America/New_York
Clear,0,0,0,0,0,0,2.2,16.1,-9999.00,2015/04/20 02:52:00,2015,04,20,02,52,00,America/New_York
Clear,0,0,0,0,0,0,2.8,16.1,-9999.00,2015/04/20 03:52:00,2015,04,20,03,52,00,America/New_York
Clear,0,0,0,0,0,0,3.3,16.1,-9999.00,2015/04/20 04:52:00,2015,04,20,04,52,00,America/New_York
Clear,0,0,0,0,0,0,4.4,16.1,-9999.00,2015/04/20 05:52:00,2015,04,20,05,52,00,America/New_York
Clear,0,0,0,0,0,0,5.0,16.1,-9999.00,2015/04/20 06:52:00,2015,04,20,06,52,00,America/New_York
Clear,0,0,0,0,0,0,5.6,16.1,-9999.00,2015/04/20 07:52:00,2015,04,20,07,52,00,America/New_York
Overcast,0,0,0,0,0,0,6.1,16.1,-9999.00,2015/04/20 08:52:00,2015,04,20,08,52,00,America/New_York
Overcast,0,0,0,0,0,0,6.7,16.1,0.0,2015/04/20 09:52:00,2015,04,20,09,52,00,America/New_York
Mostly Cloudy,0,0,0,0,0,0,8.9,16.1,-9999.00,2015/04/20 10:52:00,2015,04,20,10,52,00,America/New_York
Overcast,0,0,0,0,0,0,9.4,16.1,-9999.00,2015/04/20 11:52:00,2015,04,20,11,52,00,America/New_York
Overcast,0,0,0,0,0,0,9.4,16.1,-9999.00,2015/04/20 12:08:00,2015,04,20,12,08,00,America/New_York
Overcast,0,0,0,0,0,0,10.0,16.1,0.0,2015/04/20 12:52:00,2015,04,20,12,52,00,America/New_York
Light Rain,0,0,1,0,0,0,10.0,16.1,0.0,2015/04/20 13:36:00,2015,04,20,13,36,00,America/New_York
Light Rain,0,0,1,0,0,0,10.0,16.1,0.0,2015/04/20 13:45:00,2015,04,20,13,45,00,America/New_York
Light Rain,0,0,1,0,0,0,10.0,14.5,0.0,2015/04/20 13:52:00,2015,04,20,13,52,00,America/New_York
Light Rain,0,0,1,0,0,0,10.0,11.3,0.3,2015/04/20 14:06:00,2015,04,20,14,06,00,America/New_York
Overcast,0,0,0,0,0,0,10.0,16.1,0.3,2015/04/20 14:52:00,2015,04,20,14,52,00,America/New_York
Light Rain,0,0,1,0,0,0,10.0,4.0,0.3,2015/04/20 15:26:00,2015,04,20,15,26,00,America/New_York
Light Rain,0,0,1,0,0,0,10.6,4.8,0.5,2015/04/20 15:33:00,2015,04,20,15,33,00,America/New_York
Light Rain,0,0,1,0,0,0,10.6,6.4,0.8,2015/04/20 15:52:00,2015,04,20,15,52,00,America/New_York
Light Rain,0,0,1,0,0,0,10.6,4.8,0.0,2015/04/20 16:08:00,2015,04,20,16,08,00,America/New_York
Rain,0,0,1,0,0,0,10.6,4.0,0.5,2015/04/20 16:19:00,2015,04,20,16,19,00,America/New_York
Light Rain,0,0,1,0,0,0,12.0,4.8,1.3,2015/04/20 16:50:00,2015,04,20,16,50,00,America/New_York
Light Rain,0,0,1,0,0,0,11.7,4.8,1.3,2015/04/20 16:52:00,2015,04,20,16,52,00,America/New_York
Rain,0,0,1,0,0,0,11.7,2.8,1.0,2015/04/20 17:11:00,2015,04,20,17,11,00,America/New_York
Light Rain,0,0,1,0,0,0,11.7,4.8,1.3,2015/04/20 17:22:00,2015,04,20,17,22,00,America/New_York
Light Rain,0,0,1,0,0,0,12.0,3.2,1.8,2015/04/20 17:50:00,2015,04,20,17,50,00,America/New_York
Light Rain,0,0,1,0,0,0,11.7,3.2,1.8,2015/04/20 17:52:00,2015,04,20,17,52,00,America/New_York
Light Rain,0,0,1,0,0,0,11.7,4.8,0.3,2015/04/20 18:04:00,2015,04,20,18,04,00,America/New_York
Light Rain,0,0,1,0,0,0,11.7,4.0,0.5,2015/04/20 18:13:00,2015,04,20,18,13,00,America/New_York
Light Rain,0,0,1,0,0,0,12.2,8.0,1.0,2015/04/20 18:33:00,2015,04,20,18,33,00,America/New_York
Rain,0,0,1,0,0,0,12.0,2.8,1.8,2015/04/20 18:50:00,2015,04,20,18,50,00,America/New_York
Heavy Rain,0,0,1,0,0,0,12.2,2.8,2.0,2015/04/20 18:52:00,2015,04,20,18,52,00,America/New_York
Rain,0,0,1,0,0,0,11.7,4.0,0.3,2015/04/20 19:04:00,2015,04,20,19,04,00,America/New_York
Light Rain,0,0,1,0,0,0,11.7,6.4,1.5,2015/04/20 19:33:00,2015,04,20,19,33,00,America/New_York
Light Rain,0,0,1,0,0,0,11.7,6.4,3.3,2015/04/20 19:52:00,2015,04,20,19,52,00,America/New_York
Light Rain,0,0,1,0,0,0,12.2,9.7,1.0,2015/04/20 20:52:00,2015,04,20,20,52,00,America/New_York
Light Rain,0,0,1,0,0,0,13.3,11.3,0.5,2015/04/20 21:52:00,2015,04,20,21,52,00,America/New_York
Light Rain,0,0,1,0,0,0,13.3,16.1,0.3,2015/04/20 22:52:00,2015,04,20,22,52,00,America/New_York
Light Rain,0,0,1,0,0,0,13.3,8.0,1.3,2015/04/20 23:52:00,2015,04,20,23,52,00,America/New_York
Overcast,0,0,0,0,0,0,13.3,14.5,0.5,2015/04/21 00:20:00,2015,04,21,00,20,00,America/New_York
Light Rain,0,0,1,0,0,0,13.3,8.0,0.8,2015/04/21 00:52:00,2015,04,21,00,52,00,America/New_York
Overcast,0,0,0,0,0,0,12.8,4.8,1.3,2015/04/21 01:52:00,2015,04,21,01,52,00,America/New_York
Overcast,0,0,0,0,0,0,12.8,2.8,-9999.00,2015/04/21 02:02:00,2015,04,21,02,02,00,America/New_York
Overcast,0,0,0,0,0,0,13.3,1.2,-9999.00,2015/04/21 02:52:00,2015,04,21,02,52,00,America/New_York
Mist,0,0,0,0,0,0,13.0,1.6,-9999.00,2015/04/21 03:49:00,2015,04,21,03,49,00,America/New_York
Mist,0,0,0,0,0,0,12.8,1.6,-9999.00,2015/04/21 03:52:00,2015,04,21,03,52,00,America/New_York
Mist,0,0,0,0,0,0,12.8,1.2,-9999.00,2015/04/21 04:03:00,2015,04,21,04,03,00,America/New_York
Fog,1,0,0,0,1,0,13.3,0.8,-9999.00,2015/04/21 04:42:00,2015,04,21,04,42,00,America/New_York
Fog,1,0,0,0,1,0,13.3,0.8,-9999.00,2015/04/21 04:52:00,2015,04,21,04,52,00,America/New_York
Heavy Thunderstorms and Rain,0,0,1,0,1,0,13.3,1.6,4.3,2015/04/21 05:01:00,2015,04,21,05,01,00,America/New_York
Light Thunderstorms and Rain,0,0,1,0,1,0,13.9,4.8,4.3,2015/04/21 05:08:00,2015,04,21,05,08,00,America/New_York
Overcast,0,0,0,0,1,0,13.9,16.1,4.3,2015/04/21 05:17:00,2015,04,21,05,17,00,America/New_York
Overcast,0,0,0,0,1,0,13.9,16.1,4.3,2015/04/21 05:24:00,2015,04,21,05,24,00,America/New_York
Overcast,0,0,0,0,0,0,13.9,16.1,4.3,2015/04/21 05:30:00,2015,04,21,05,30,00,America/New_York
Overcast,0,0,0,0,0,0,13.9,9.7,4.3,2015/04/21 05:41:00,2015,04,21,05,41,00,America/New_York
Overcast,0,0,0,0,0,0,13.9,4.8,4.3,2015/04/21 05:52:00,2015,04,21,05,52,00,America/New_York
Overcast,0,0,0,0,0,0,13.9,4.0,-9999.00,2015/04/21 06:08:00,2015,04,21,06,08,00,America/New_York
Overcast,0,0,0,0,0,0,13.9,8.0,-9999.00,2015/04/21 06:30:00,2015,04,21,06,30,00,America/New_York
Overcast,0,0,0,0,0,0,13.9,9.7,-9999.00,2015/04/21 06:52:00,2015,04,21,06,52,00,America/New_York
Overcast,0,0,0,0,0,0,13.3,2.8,-9999.00,2015/04/21 07:16:00,2015,04,21,07,16,00,America/New_York
Overcast,0,0,0,0,0,0,13.3,1.2,-9999.00,2015/04/21 07:30:00,2015,04,21,07,30,00,America/New_York
Overcast,0,0,0,0,0,0,13.3,2.4,-9999.00,2015/04/21 07:38:00,2015,04,21,07,38,00,America/New_York
Overcast,0,0,0,0,0,0,13.0,4.8,-9999.00,2015/04/21 07:46:00,2015,04,21,07,46,00,America/New_York
Overcast,0,0,0,0,0,0,13.3,4.8,-9999.00,2015/04/21 07:47:00,2015,04,21,07,47,00,America/New_York
Overcast,0,0,0,0,0,0,13.3,4.0,-9999.00,2015/04/21 07:57:00,2015,04,21,07,57,00,America/New_York
Overcast,0,0,0,0,0,0,13.3,1.6,-9999.00,2015/04/21 08:08:00,2015,04,21,08,08,00,America/New_York
Overcast,0,0,0,0,1,0,12.8,4.8,-9999.00,2015/04/21 08:35:00,2015,04,21,08,35,00,America/New_York
Light Rain,0,0,1,0,1,0,13.0,4.0,0.8,2015/04/21 08:49:00,2015,04,21,08,49,00,America/New_York
Light Rain,0,0,1,0,1,0,12.8,6.4,0.8,2015/04/21 08:52:00,2015,04,21,08,52,00,America/New_York
Light Rain,0,0,1,0,0,0,13.3,16.1,0.3,2015/04/21 09:04:00,2015,04,21,09,04,00,America/New_York
Mostly Cloudy,0,0,0,0,0,0,14.4,16.1,0.3,2015/04/21 09:52:00,2015,04,21,09,52,00,America/New_York
Scattered Clouds,0,0,0,0,0,0,15.6,16.1,-9999.00,2015/04/21 10:09:00,2015,04,21,10,09,00,America/New_York
Partly Cloudy,0,0,0,0,0,0,16.7,16.1,-9999.00,2015/04/21 10:52:00,2015,04,21,10,52,00,America/New_York
Mostly Cloudy,0,0,0,0,0,0,17.8,16.1,-9999.00,2015/04/21 11:52:00,2015,04,21,11,52,00,America/New_York
Mostly Cloudy,0,0,0,0,0,0,17.8,16.1,-9999.00,2015/04/21 12:01:00,2015,04,21,12,01,00,America/New_York
Scattered Clouds,0,0,0,0,0,0,20.6,16.1,-9999.00,2015/04/21 12:38:00,2015,04,21,12,38,00,America/New_York
Partly Cloudy,0,0,0,0,0,0,21.1,16.1,-9999.00,2015/04/21 12:52:00,2015,04,21,12,52,00,America/New_York
Scattered Clouds,0,0,0,0,0,0,21.7,16.1,-9999.00,2015/04/21 13:52:00,2015,04,21,13,52,00,America/New_York
Scattered Clouds,0,0,0,0,0,0,21.7,16.1,-9999.00,2015/04/21 14:52:00,2015,04,21,14,52,00,America/New_York
Scattered Clouds,0,0,0,0,0,0,20.0,16.1,-9999.00,2015/04/21 15:52:00,2015,04,21,15,52,00,America/New_York
Scattered Clouds,0,0,0,0,0,0,16.7,16.1,-9999.00,2015/04/21 16:52:00,2015,04,21,16,52,00,America/New_York
Scattered Clouds,0,0,0,0,0,0,16.7,16.1,-9999.00,2015/04/21 17:52:00,2015,04,21,17,52,00,America/New_York
Clear,0,0,0,0,0,0,15.6,16.1,-9999.00,2015/04/21 18:52:00,2015,04,21,18,52,00,America/New_York
Clear,0,0,0,0,0,0,13.9,16.1,-9999.00,2015/04/21 19:52:00,2015,04,21,19,52,00,America/New_York
Clear,0,0,0,0,0,0,9.4,16.1,-9999.00,2015/04/21 20:52:00,2015,04,21,20,52,00,America/New_York
Clear,0,0,0,0,0,0,8.3,16.1,-9999.00,2015/04/21 21:52:00,2015,04,21,21,52,00,America/New_York
Mostly Cloudy,0,0,0,0,0,0,7.8,16.1,-9999.00,2015/04/21 22:52:00,2015,04,21,22,52,00,America/New_York
Scattered Clouds,0,0,0,0,0,0,7.2,16.1,-9999.00,2015/04/21 23:52:00,2015,04,21,23,52,00,America/New_York
Clear,0,0,0,0,0,0,6.7,16.1,-9999.00,2015/04/22 00:52:00,2015,04,22,00,52,00,America/New_York
Clear,0,0,0,0,0,0,5.0,16.1,-9999.00,2015/04/22 01:52:00,2015,04,22,01,52,00,America/New_York
Clear,0,0,0,0,0,0,5.0,16.1,-9999.00,2015/04/22 02:52:00,2015,04,22,02,52,00,America/New_York
Clear,0,0,0,0,0,0,2.2,14.5,-9999.00,2015/04/22 03:52:00,2015,04,22,03,52,00,America/New_York
Clear,0,0,0,0,0,0,2.8,4.0,-9999.00,2015/04/22 04:41:00,2015,04,22,04,41,00,America/New_York
Clear,0,0,0,0,0,0,2.8,3.2,-9999.00,2015/04/22 04:52:00,2015,04,22,04,52,00,America/New_York
Clear,0,0,0,0,0,0,2.8,6.4,-9999.00,2015/04/22 05:00:00,2015,04,22,05,00,00,America/New_York
Clear,0,0,0,0,0,0,2.8,16.1,-9999.00,2015/04/22 05:52:00,2015,04,22,05,52,00,America/New_York
Clear,0,0,0,0,0,0,4.4,16.1,-9999.00,2015/04/22 06:52:00,2015,04,22,06,52,00,America/New_York
Clear,0,0,0,0,0,0,10.0,16.1,-9999.00,2015/04/22 07:52:00,2015,04,22,07,52,00,America/New_York
Clear,0,0,0,0,0,0,12.2,16.1,-9999.00,2015/04/22 08:52:00,2015,04,22,08,52,00,America/New_York
Clear,0,0,0,0,0,0,15.6,16.1,-9999.00,2015/04/22 09:52:00,2015,04,22,09,52,00,America/New_York
Clear,0,0,0,0,0,0,17.2,16.1,-9999.00,2015/04/22 10:52:00,2015,04,22,10,52,00,America/New_York
Clear,0,0,0,0,0,0,18.3,16.1,-9999.00,2015/04/22 11:52:00,2015,04,22,11,52,00,America/New_York
Clear,0,0,0,0,0,0,18.9,16.1,-9999.00,2015/04/22 12:52:00,2015,04,22,12,52,00,America/New_York
Clear,0,0,0,0,0,0,18.3,16.1,-9999.00,2015/04/22 13:52:00,2015,04,22,13,52,00,America/New_York
Clear,0,0,0,0,0,0,17.8,16.1,-9999.00,2015/04/22 14:52:00,2015,04,22,14,52,00,America/New_York
Clear,0,0,0,0,0,0,17.2,16.1,-9999.00,2015/04/22 15:52:00,2015,04,22,15,52,00,America/New_York
Clear,0,0,0,0,0,0,16.7,16.1,-9999.00,2015/04/22 16:52:00,2015,04,22,16,52,00,America/New_York
Partly Cloudy,0,0,0,0,0,0,15.0,16.1,-9999.00,2015/04/22 17:52:00,2015,04,22,17,52,00,America/New_York
Light Rain,0,0,1,0,0,0,13.9,16.1,0.0,2015/04/22 18:52:00,2015,04,22,18,52,00,America/New_York
Mostly Cloudy,0,0,0,0,0,0,13.3,16.1,0.0,2015/04/22 19:52:00,2015,04,22,19,52,00,America/New_York
Overcast,0,0,0,0,0,0,13.3,16.1,0.0,2015/04/22 20:52:00,2015,04,22,20,52,00,America/New_York
Overcast,0,0,0,0,0,0,10.6,16.1,0.3,2015/04/22 21:52:00,2015,04,22,21,52,00,America/New_York
Light Rain,0,0,1,0,0,0,10.6,16.1,0.3,2015/04/22 22:52:00,2015,04,22,22,52,00,America/New_York
Overcast,0,0,0,0,0,0,10.0,16.1,0.0,2015/04/22 23:52:00,2015,04,22,23,52,00,America/New_York
Partly Cloudy,0,0,0,0,0,0,9.4,16.1,-9999.00,2015/04/23 00:52:00,2015,04,23,00,52,00,America/New_York
Mostly Cloudy,0,0,0,0,0,0,9.4,16.1,-9999.00,2015/04/23 01:10:00,2015,04,23,01,10,00,America/New_York
Scattered Clouds,0,0,0,0,0,0,8.9,16.1,-9999.00,2015/04/23 01:22:00,2015,04,23,01,22,00,America/New_York
Clear,0,0,0,0,0,0,8.3,16.1,-9999.00,2015/04/23 01:52:00,2015,04,23,01,52,00,America/New_York
Clear,0,0,0,0,0,0,7.2,16.1,-9999.00,2015/04/23 02:52:00,2015,04,23,02,52,00,America/New_York
Clear,0,0,0,0,0,0,5.6,16.1,-9999.00,2015/04/23 03:52:00,2015,04,23,03,52,00,America/New_York
Clear,0,0,0,0,0,0,5.0,16.1,-9999.00,2015/04/23 04:52:00,2015,04,23,04,52,00,America/New_York
Partly Cloudy,0,0,0,0,0,0,3.9,16.1,-9999.00,2015/04/23 05:52:00,2015,04,23,05,52,00,America/New_York
Overcast,0,0,0,0,0,0,5.0,16.1,-9999.00,2015/04/23 06:52:00,2015,04,23,06,52,00,America/New_York
Mostly Cloudy,0,0,0,0,0,0,6.7,16.1,-9999.00,2015/04/23 07:52:00,2015,04,23,07,52,00,America/New_York
Scattered Clouds,0,0,0,0,0,0,7.8,16.1,-9999.00,2015/04/23 08:52:00,2015,04,23,08,52,00,America/New_York
Mostly Cloudy,0,0,0,0,0,0,8.3,16.1,-9999.00,2015/04/23 09:52:00,2015,04,23,09,52,00,America/New_York
Overcast,0,0,0,0,0,0,7.8,16.1,-9999.00,2015/04/23 10:52:00,2015,04,23,10,52,00,America/New_York
Overcast,0,0,0,0,0,0,8.3,16.1,-9999.00,2015/04/23 11:52:00,2015,04,23,11,52,00,America/New_York
Overcast,0,0,0,0,0,0,8.9,16.1,-9999.00,2015/04/23 12:52:00,2015,04,23,12,52,00,America/New_York
Overcast,0,0,0,0,0,0,9.4,16.1,-9999.00,2015/04/23 13:52:00,2015,04,23,13,52,00,America/New_York
Overcast,0,0,0,0,0,0,8.9,16.1,-9999.00,2015/04/23 14:52:00,2015,04,23,14,52,00,America/New_York
Overcast,0,0,0,0,0,0,8.9,16.1,-9999.00,2015/04/23 15:52:00,2015,04,23,15,52,00,America/New_York
Overcast,0,0,0,0,0,0,8.3,16.1,-9999.00,2015/04/23 16:52:00,2015,04,23,16,52,00,America/New_York
Overcast,0,0,0,0,0,0,8.3,16.1,-9999.00,2015/04/23 17:52:00,2015,04,23,17,52,00,America/New_York
Overcast,0,0,0,0,0,0,7.8,16.1,-9999.00,2015/04/23 18:52:00,2015,04,23,18,52,00,America/New_York
Overcast,0,0,0,0,0,0,6.7,16.1,0.0,2015/04/23 19:52:00,2015,04,23,19,52,00,America/New_York
Light Rain,0,0,1,0,0,0,5.0,16.1,0.0,2015/04/23 20:52:00,2015,04,23,20,52,00,America/New_York
Overcast,0,0,0,0,0,0,5.0,16.1,0.0,2015/04/23 21:52:00,2015,04,23,21,52,00,America/New_York
Clear,0,0,0,0,0,0,3.9,16.1,-9999.00,2015/04/23 22:52:00,2015,04,23,22,52,00,America/New_York
Mostly Cloudy,0,0,0,0,0,0,3.3,16.1,-9999.00,2015/04/23 23:52:00,2015,04,23,23,52,00,America/New_York
Overcast,0,0,0,0,0,0,2.8,16.1,-9999.00,2015/04/24 00:52:00,2015,04,24,00,52,00,America/New_York
Overcast,0,0,0,0,0,0,2.8,16.1,-9999.00,2015/04/24 01:52:00,2015,04,24,01,52,00,America/New_York
Mostly Cloudy,0,0,0,0,0,0,2.2,16.1,-9999.00,2015/04/24 02:52:00,2015,04,24,02,52,00,America/New_York
Clear,0,0,0,0,0,0,1.1,16.1,-9999.00,2015/04/24 03:52:00,2015,04,24,03,52,00,America/New_York
Clear,0,0,0,0,0,0,1.1,16.1,-9999.00,2015/04/24 04:52:00,2015,04,24,04,52,00,America/New_York
Overcast,0,0,0,0,0,0,1.1,16.1,-9999.00,2015/04/24 05:52:00,2015,04,24,05,52,00,America/New_York
Scattered Clouds,0,0,0,0,0,0,2.8,16.1,-9999.00,2015/04/24 06:52:00,2015,04,24,06,52,00,America/New_York
Clear,0,0,0,0,0,0,4.4,16.1,-9999.00,2015/04/24 07:52:00,2015,04,24,07,52,00,America/New_York
Clear,0,0,0,0,0,0,6.1,16.1,-9999.00,2015/04/24 08:52:00,2015,04,24,08,52,00,America/New_York
Mostly Cloudy,0,0,0,0,0,0,7.2,16.1,-9999.00,2015/04/24 09:52:00,2015,04,24,09,52,00,America/New_York
Mostly Cloudy,0,0,0,0,0,0,7.8,16.1,-9999.00,2015/04/24 10:52:00,2015,04,24,10,52,00,America/New_York
Mostly Cloudy,0,0,0,0,0,0,8.9,16.1,-9999.00,2015/04/24 11:52:00,2015,04,24,11,52,00,America/New_York
Mostly Cloudy,0,0,0,0,0,0,8.9,16.1,-9999.00,2015/04/24 12:52:00,2015,04,24,12,52,00,America/New_York
Overcast,0,0,0,0,0,0,9.4,16.1,-9999.00,2015/04/24 13:52:00,2015,04,24,13,52,00,America/New_York
Overcast,0,0,0,0,0,0,9.4,16.1,-9999.00,2015/04/24 14:52:00,2015,04,24,14,52,00,America/New_York
Overcast,0,0,0,0,0,0,9.4,16.1,-9999.00,2015/04/24 15:52:00,2015,04,24,15,52,00,America/New_York
Overcast,0,0,0,0,0,0,10.0,16.1,-9999.00,2015/04/24 16:52:00,2015,04,24,16,52,00,America/New_York
Mostly Cloudy,0,0,0,0,0,0,8.3,16.1,-9999.00,2015/04/24 17:52:00,2015,04,24,17,52,00,America/New_York
Mostly Cloudy,0,0,0,0,0,0,7.8,16.1,-9999.00,2015/04/24 18:52:00,2015,04,24,18,52,00,America/New_York
Overcast,0,0,0,0,0,0,7.2,16.1,-9999.00,2015/04/24 19:52:00,2015,04,24,19,52,00,America/New_York
Partly Cloudy,0,0,0,0,0,0,5.6,16.1,-9999.00,2015/04/24 20:52:00,2015,04,24,20,52,00,America/New_York
Scattered Clouds,0,0,0,0,0,0,4.4,16.1,-9999.00,2015/04/24 21:52:00,2015,04,24,21,52,00,America/New_York
Partly Cloudy,0,0,0,0,0,0,3.9,16.1,-9999.00,2015/04/24 22:52:00,2015,04,24,22,52,00,America/New_York
Mostly Cloudy,0,0,0,0,0,0,3.3,16.1,-9999.00,2015/04/24 23:52:00,2015,04,24,23,52,00,America/New_York
Mostly Cloudy,0,0,0,0,0,0,3.3,16.1,-9999.00,2015/04/25 00:52:00,2015,04,25,00,52,00,America/New_York
Partly Cloudy,0,0,0,0,0,0,2.2,16.1,-9999.00,2015/04/25 01:52:00,2015,04,25,01,52,00,America/New_York
Clear,0,0,0,0,0,0,1.1,16.1,-9999.00,2015/04/25 02:52:00,2015,04,25,02,52,00,America/New_York
Clear,0,0,0,0,0,0,1.1,16.1,-9999.00,2015/04/25 03:52:00,2015,04,25,03,52,00,America/New_York
Clear,0,0,0,0,0,0,0.0,16.1,-9999.00,2015/04/25 04:52:00,2015,04,25,04,52,00,America/New_York
Clear,0,0,0,0,0,0,0.0,16.1,-9999.00,2015/04/25 05:52:00,2015,04,25,05,52,00,America/New_York
Clear,0,0,0,0,0,0,1.7,16.1,-9999.00,2015/04/25 06:52:00,2015,04,25,06,52,00,America/New_York
Clear,0,0,0,0,0,0,3.3,16.1,-9999.00,2015/04/25 07:52:00,2015,04,25,07,52,00,America/New_York
Clear,0,0,0,0,0,0,5.0,16.1,-9999.00,2015/04/25 08:52:00,2015,04,25,08,52,00,America/New_York
Clear,0,0,0,0,0,0,6.7,16.1,-9999.00,2015/04/25 09:52:00,2015,04,25,09,52,00,America/New_York
Clear,0,0,0,0,0,0,8.3,16.1,-9999.00,2015/04/25 10:52:00,2015,04,25,10,52,00,America/New_York
Clear,0,0,0,0,0,0,10.0,16.1,-9999.00,2015/04/25 11:52:00,2015,04,25,11,52,00,America/New_York
Scattered Clouds,0,0,0,0,0,0,12.2,16.1,-9999.00,2015/04/25 12:52:00,2015,04,25,12,52,00,America/New_York
Overcast,0,0,0,0,0,0,11.7,16.1,-9999.00,2015/04/25 13:52:00,2015,04,25,13,52,00,America/New_York
Overcast,0,0,0,0,0,0,10.0,16.1,-9999.00,2015/04/25 14:52:00,2015,04,25,14,52,00,America/New_York
Overcast,0,0,0,0,0,0,10.0,16.1,-9999.00,2015/04/25 15:52:00,2015,04,25,15,52,00,America/New_York
Overcast,0,0,0,0,0,0,9.4,16.1,-9999.00,2015/04/25 16:52:00,2015,04,25,16,52,00,America/New_York
Overcast,0,0,0,0,0,0,8.9,16.1,-9999.00,2015/04/25 17:52:00,2015,04,25,17,52,00,America/New_York
Overcast,0,0,0,0,0,0,8.3,16.1,-9999.00,2015/04/25 18:52:00,2015,04,25,18,52,00,America/New_York
Overcast,0,0,0,0,0,0,7.2,16.1,-9999.00,2015/04/25 19:52:00,2015,04,25,19,52,00,America/New_York
Overcast,0,0,0,0,0,0,6.7,16.1,-9999.00,2015/04/25 20:52:00,2015,04,25,20,52,00,America/New_York
Overcast,0,0,0,0,0,0,6.1,16.1,-9999.00,2015/04/25 21:52:00,2015,04,25,21,52,00,America/New_York
Overcast,0,0,0,0,0,0,5.6,16.1,-9999.00,2015/04/25 22:52:00,2015,04,25,22,52,00,America/New_York
Overcast,0,0,0,0,0,0,6.1,16.1,-9999.00,2015/04/25 23:52:00,2015,04,25,23,52,00,America/New_York
Clear,0,0,0,0,0,0,4.4,16.1,-9999.00,2015/04/26 00:52:00,2015,04,26,00,52,00,America/New_York
Clear,0,0,0,0,0,0,0.6,16.1,-9999.00,2015/04/26 01:52:00,2015,04,26,01,52,00,America/New_York
Overcast,0,0,0,0,0,0,0.6,16.1,-9999.00,2015/04/26 02:52:00,2015,04,26,02,52,00,America/New_York
Overcast,0,0,0,0,0,0,1.1,16.1,-9999.00,2015/04/26 03:52:00,2015,04,26,03,52,00,America/New_York
Mostly Cloudy,0,0,0,0,0,0,0.6,16.1,-9999.00,2015/04/26 04:52:00,2015,04,26,04,52,00,America/New_York
Clear,0,0,0,0,0,0,-0.6,16.1,-9999.00,2015/04/26 05:52:00,2015,04,26,05,52,00,America/New_York
Clear,0,0,0,0,0,0,1.1,16.1,-9999.00,2015/04/26 06:52:00,2015,04,26,06,52,00,America/New_York
Clear,0,0,0,0,0,0,7.2,16.1,-9999.00,2015/04/26 07:52:00,2015,04,26,07,52,00,America/New_York
Clear,0,0,0,0,0,0,9.4,16.1,-9999.00,2015/04/26 08:52:00,2015,04,26,08,52,00,America/New_York
Partly Cloudy,0,0,0,0,0,0,10.6,16.1,-9999.00,2015/04/26 09:52:00,2015,04,26,09,52,00,America/New_York
Overcast,0,0,0,0,0,0,11.1,16.1,-9999.00,2015/04/26 10:52:00,2015,04,26,10,52,00,America/New_York
Overcast,0,0,0,0,0,0,10.6,16.1,-9999.00,2015/04/26 11:52:00,2015,04,26,11,52,00,America/New_York
Overcast,0,0,0,0,0,0,10.6,16.1,-9999.00,2015/04/26 12:52:00,2015,04,26,12,52,00,America/New_York
Overcast,0,0,0,0,0,0,11.7,16.1,-9999.00,2015/04/26 13:52:00,2015,04,26,13,52,00,America/New_York
Overcast,0,0,0,0,0,0,10.6,16.1,-9999.00,2015/04/26 14:52:00,2015,04,26,14,52,00,America/New_York
Overcast,0,0,0,0,0,0,10.6,16.1,-9999.00,2015/04/26 15:52:00,2015,04,26,15,52,00,America/New_York
Overcast,0,0,0,0,0,0,10.6,16.1,-9999.00,2015/04/26 16:52:00,2015,04,26,16,52,00,America/New_York
Overcast,0,0,0,0,0,0,10.6,16.1,-9999.00,2015/04/26 17:52:00,2015,04,26,17,52,00,America/New_York
Overcast,0,0,0,0,0,0,10.0,16.1,-9999.00,2015/04/26 18:52:00,2015,04,26,18,52,00,America/New_York
Overcast,0,0,0,0,0,0,8.9,16.1,-9999.00,2015/04/26 19:52:00,2015,04,26,19,52,00,America/New_York
Overcast,0,0,0,0,0,0,7.8,16.1,-9999.00,2015/04/26 20:52:00,2015,04,26,20,52,00,America/New_York
Overcast,0,0,0,0,0,0,7.2,16.1,-9999.00,2015/04/26 21:52:00,2015,04,26,21,52,00,America/New_York
Overcast,0,0,0,0,0,0,6.7,16.1,-9999.00,2015/04/26 22:52:00,2015,04,26,22,52,00,America/New_York
Overcast,0,0,0,0,0,0,6.1,16.1,-9999.00,2015/04/26 23:52:00,2015,04,26,23,52,00,America/New_York
Overcast,0,0,0,0,0,0,6.1,16.1,-9999.00,2015/04/27 00:52:00,2015,04,27,00,52,00,America/New_York
Overcast,0,0,0,0,0,0,6.7,16.1,-9999.00,2015/04/27 01:52:00,2015,04,27,01,52,00,America/New_York
Overcast,0,0,0,0,0,0,6.7,16.1,-9999.00,2015/04/27 02:52:00,2015,04,27,02,52,00,America/New_York
Overcast,0,0,0,0,0,0,4.4,16.1,-9999.00,2015/04/27 03:52:00,2015,04,27,03,52,00,America/New_York
Mostly Cloudy,0,0,0,0,0,0,6.1,16.1,-9999.00,2015/04/27 04:52:00,2015,04,27,04,52,00,America/New_York
Clear,0,0,0,0,0,0,2.8,16.1,-9999.00,2015/04/27 05:52:00,2015,04,27,05,52,00,America/New_York
Overcast,0,0,0,0,0,0,6.7,16.1,-9999.00,2015/04/27 06:52:00,2015,04,27,06,52,00,America/New_York
Overcast,0,0,0,0,0,0,7.8,16.1,-9999.00,2015/04/27 07:52:00,2015,04,27,07,52,00,America/New_York
Overcast,0,0,0,0,0,0,9.4,16.1,-9999.00,2015/04/27 08:52:00,2015,04,27,08,52,00,America/New_York
Overcast,0,0,0,0,0,0,11.7,16.1,-9999.00,2015/04/27 09:52:00,2015,04,27,09,52,00,America/New_York
Mostly Cloudy,0,0,0,0,0,0,12.2,16.1,-9999.00,2015/04/27 10:52:00,2015,04,27,10,52,00,America/New_York
Overcast,0,0,0,0,0,0,13.3,16.1,-9999.00,2015/04/27 11:52:00,2015,04,27,11,52,00,America/New_York
Overcast,0,0,0,0,0,0,12.8,16.1,-9999.00,2015/04/27 12:52:00,2015,04,27,12,52,00,America/New_York
Overcast,0,0,0,0,0,0,11.7,16.1,0.3,2015/04/27 13:52:00,2015,04,27,13,52,00,America/New_York
Overcast,0,0,0,0,0,0,13.3,16.1,0.0,2015/04/27 14:52:00,2015,04,27,14,52,00,America/New_York
Overcast,0,0,0,0,0,0,12.8,16.1,-9999.00,2015/04/27 15:52:00,2015,04,27,15,52,00,America/New_York
Light Rain,0,0,1,0,0,0,12.2,16.1,0.0,2015/04/27 16:52:00,2015,04,27,16,52,00,America/New_York
Light Rain,0,0,1,0,0,0,9.4,16.1,0.0,2015/04/27 17:52:00,2015,04,27,17,52,00,America/New_York
Light Rain,0,0,1,0,0,0,9.4,16.1,0.0,2015/04/27 17:59:00,2015,04,27,17,59,00,America/New_York
Light Rain,0,0,1,0,0,0,8.9,16.1,0.0,2015/04/27 18:52:00,2015,04,27,18,52,00,America/New_York
Mostly Cloudy,0,0,0,0,0,0,8.3,16.1,0.0,2015/04/27 19:52:00,2015,04,27,19,52,00,America/New_York
Clear,0,0,0,0,0,0,7.2,16.1,-9999.00,2015/04/27 20:52:00,2015,04,27,20,52,00,America/New_York
Rain,0,0,1,0,0,0,7.8,11.3,0.5,2015/04/27 21:52:00,2015,04,27,21,52,00,America/New_York
Light Rain,0,0,1,0,0,0,7.2,16.1,0.0,2015/04/27 22:00:00,2015,04,27,22,00,00,America/New_York
Light Rain,0,0,1,0,0,0,7.8,16.1,0.5,2015/04/27 22:52:00,2015,04,27,22,52,00,America/New_York
Light Rain,0,0,1,0,0,0,6.7,16.1,0.3,2015/04/27 23:52:00,2015,04,27,23,52,00,America/New_York
Light Rain,0,0,1,0,0,0,6.1,14.5,0.0,2015/04/28 00:52:00,2015,04,28,00,52,00,America/New_York
Light Rain,0,0,1,0,0,0,6.1,11.3,0.3,2015/04/28 01:01:00,2015,04,28,01,01,00,America/New_York
Light Rain,0,0,1,0,0,0,6.7,16.1,0.5,2015/04/28 01:16:00,2015,04,28,01,16,00,America/New_York
Light Rain,0,0,1,0,0,0,6.1,11.3,0.5,2015/04/28 01:24:00,2015,04,28,01,24,00,America/New_York
Light Rain,0,0,1,0,0,0,5.6,14.5,1.0,2015/04/28 01:52:00,2015,04,28,01,52,00,America/New_York
Light Rain,0,0,1,0,0,0,5.6,16.1,0.0,2015/04/28 01:58:00,2015,04,28,01,58,00,America/New_York
Light Rain,0,0,1,0,0,0,5.6,16.1,0.0,2015/04/28 02:52:00,2015,04,28,02,52,00,America/New_York
Light Rain,0,0,1,0,0,0,5.0,16.1,0.0,2015/04/28 03:02:00,2015,04,28,03,02,00,America/New_York
Overcast,0,0,0,0,0,0,5.0,16.1,0.0,2015/04/28 03:37:00,2015,04,28,03,37,00,America/New_York
Overcast,0,0,0,0,0,0,5.6,16.1,0.0,2015/04/28 03:52:00,2015,04,28,03,52,00,America/New_York
Overcast,0,0,0,0,0,0,5.0,16.1,-9999.00,2015/04/28 04:04:00,2015,04,28,04,04,00,America/New_York
Overcast,0,0,0,0,0,0,5.0,16.1,-9999.00,2015/04/28 04:52:00,2015,04,28,04,52,00,America/New_York
Overcast,0,0,0,0,0,0,5.6,16.1,-9999.00,2015/04/28 05:52:00,2015,04,28,05,52,00,America/New_York
Overcast,0,0,0,0,0,0,6.1,16.1,-9999.00,2015/04/28 06:52:00,2015,04,28,06,52,00,America/New_York
Overcast,0,0,0,0,0,0,6.1,16.1,-9999.00,2015/04/28 07:52:00,2015,04,28,07,52,00,America/New_York
Light Rain,0,0,1,0,0,0,6.7,16.1,0.0,2015/04/28 08:52:00,2015,04,28,08,52,00,America/New_York
Light Rain,0,0,1,0,0,0,6.7,16.1,0.0,2015/04/28 09:04:00,2015,04,28,09,04,00,America/New_York
Overcast,0,0,0,0,0,0,7.2,16.1,0.0,2015/04/28 09:32:00,2015,04,28,09,32,00,America/New_York
Light Rain,0,0,1,0,0,0,7.2,16.1,0.0,2015/04/28 09:52:00,2015,04,28,09,52,00,America/New_York
Light Rain,0,0,1,0,0,0,6.1,11.3,0.0,2015/04/28 10:10:00,2015,04,28,10,10,00,America/New_York
Overcast,0,0,0,0,0,0,7.8,16.1,0.0,2015/04/28 10:43:00,2015,04,28,10,43,00,America/New_York
Overcast,0,0,0,0,0,0,8.3,16.1,0.0,2015/04/28 10:52:00,2015,04,28,10,52,00,America/New_York
Scattered Clouds,0,0,0,0,0,0,10.0,16.1,-9999.00,2015/04/28 11:52:00,2015,04,28,11,52,00,America/New_York
Mostly Cloudy,0,0,0,0,0,0,10.6,16.1,-9999.00,2015/04/28 12:52:00,2015,04,28,12,52,00,America/New_York
Partly Cloudy,0,0,0,0,0,0,10.6,16.1,-9999.00,2015/04/28 13:52:00,2015,04,28,13,52,00,America/New_York
Clear,0,0,0,0,0,0,11.7,16.1,-9999.00,2015/04/28 14:52:00,2015,04,28,14,52,00,America/New_York
Clear,0,0,0,0,0,0,14.4,16.1,-9999.00,2015/04/28 15:52:00,2015,04,28,15,52,00,America/New_York
Clear,0,0,0,0,0,0,16.7,16.1,-9999.00,2015/04/28 16:52:00,2015,04,28,16,52,00,America/New_York
Partly Cloudy,0,0,0,0,0,0,16.7,16.1,-9999.00,2015/04/28 17:52:00,2015,04,28,17,52,00,America/New_York
Clear,0,0,0,0,0,0,15.6,16.1,-9999.00,2015/04/28 18:52:00,2015,04,28,18,52,00,America/New_York
Clear,0,0,0,0,0,0,13.3,16.1,-9999.00,2015/04/28 19:52:00,2015,04,28,19,52,00,America/New_York
Clear,0,0,0,0,0,0,12.8,16.1,-9999.00,2015/04/28 20:52:00,2015,04,28,20,52,00,America/New_York
Clear,0,0,0,0,0,0,12.2,16.1,-9999.00,2015/04/28 21:52:00,2015,04,28,21,52,00,America/New_York
Clear,0,0,0,0,0,0,11.7,16.1,-9999.00,2015/04/28 22:52:00,2015,04,28,22,52,00,America/New_York
Clear,0,0,0,0,0,0,10.6,16.1,-9999.00,2015/04/28 23:52:00,2015,04,28,23,52,00,America/New_York
Clear,0,0,0,0,0,0,9.4,16.1,-9999.00,2015/04/29 00:52:00,2015,04,29,00,52,00,America/New_York
Clear,0,0,0,0,0,0,8.3,16.1,-9999.00,2015/04/29 01:52:00,2015,04,29,01,52,00,America/New_York
Clear,0,0,0,0,0,0,8.9,16.1,-9999.00,2015/04/29 02:52:00,2015,04,29,02,52,00,America/New_York
Clear,0,0,0,0,0,0,8.3,16.1,-9999.00,2015/04/29 03:52:00,2015,04,29,03,52,00,America/New_York
Clear,0,0,0,0,0,0,7.2,16.1,-9999.00,2015/04/29 04:52:00,2015,04,29,04,52,00,America/New_York
Clear,0,0,0,0,0,0,4.4,16.1,-9999.00,2015/04/29 05:52:00,2015,04,29,05,52,00,America/New_York
Scattered Clouds,0,0,0,0,0,0,3.9,16.1,-9999.00,2015/04/29 06:52:00,2015,04,29,06,52,00,America/New_York
Clear,0,0,0,0,0,0,11.1,16.1,-9999.00,2015/04/29 07:52:00,2015,04,29,07,52,00,America/New_York
Clear,0,0,0,0,0,0,11.7,16.1,-9999.00,2015/04/29 08:52:00,2015,04,29,08,52,00,America/New_York
Clear,0,0,0,0,0,0,12.2,16.1,-9999.00,2015/04/29 09:52:00,2015,04,29,09,52,00,America/New_York
Clear,0,0,0,0,0,0,12.8,16.1,-9999.00,2015/04/29 10:52:00,2015,04,29,10,52,00,America/New_York
Overcast,0,0,0,0,0,0,10.6,16.1,-9999.00,2015/04/29 11:52:00,2015,04,29,11,52,00,America/New_York
Overcast,0,0,0,0,0,0,9.4,16.1,-9999.00,2015/04/29 12:52:00,2015,04,29,12,52,00,America/New_York
Overcast,0,0,0,0,0,0,9.4,16.1,-9999.00,2015/04/29 13:52:00,2015,04,29,13,52,00,America/New_York
Mostly Cloudy,0,0,0,0,0,0,10.0,16.1,-9999.00,2015/04/29 14:52:00,2015,04,29,14,52,00,America/New_York
Overcast,0,0,0,0,0,0,10.0,16.1,-9999.00,2015/04/29 15:52:00,2015,04,29,15,52,00,America/New_York
Clear,0,0,0,0,0,0,11.7,16.1,-9999.00,2015/04/29 16:52:00,2015,04,29,16,52,00,America/New_York
Clear,0,0,0,0,0,0,12.2,16.1,-9999.00,2015/04/29 17:52:00,2015,04,29,17,52,00,America/New_York
Clear,0,0,0,0,0,0,11.1,16.1,-9999.00,2015/04/29 18:52:00,2015,04,29,18,52,00,America/New_York
Overcast,0,0,0,0,0,0,9.4,16.1,-9999.00,2015/04/29 19:52:00,2015,04,29,19,52,00,America/New_York
Partly Cloudy,0,0,0,0,0,0,8.3,16.1,-9999.00,2015/04/29 20:52:00,2015,04,29,20,52,00,America/New_York
Mostly Cloudy,0,0,0,0,0,0,8.3,16.1,-9999.00,2015/04/29 21:52:00,2015,04,29,21,52,00,America/New_York
Mostly Cloudy,0,0,0,0,0,0,8.3,16.1,-9999.00,2015/04/29 22:52:00,2015,04,29,22,52,00,America/New_York
Overcast,0,0,0,0,0,0,7.8,16.1,-9999.00,2015/04/29 23:52:00,2015,04,29,23,52,00,America/New_York
Overcast,0,0,0,0,0,0,7.8,16.1,-9999.00,2015/04/30 00:52:00,2015,04,30,00,52,00,America/New_York
Overcast,0,0,0,0,0,0,7.8,16.1,-9999.00,2015/04/30 01:52:00,2015,04,30,01,52,00,America/New_York
Overcast,0,0,0,0,0,0,7.8,16.1,-9999.00,2015/04/30 02:52:00,2015,04,30,02,52,00,America/New_York
Overcast,0,0,0,0,0,0,7.8,16.1,-9999.00,2015/04/30 03:52:00,2015,04,30,03,52,00,America/New_York
Overcast,0,0,0,0,0,0,7.8,16.1,-9999.00,2015/04/30 04:52:00,2015,04,30,04,52,00,America/New_York
Overcast,0,0,0,0,0,0,7.8,16.1,-9999.00,2015/04/30 05:52:00,2015,04,30,05,52,00,America/New_York
Overcast,0,0,0,0,0,0,8.3,16.1,-9999.00,2015/04/30 06:52:00,2015,04,30,06,52,00,America/New_York
Overcast,0,0,0,0,0,0,7.8,16.1,-9999.00,2015/04/30 07:52:00,2015,04,30,07,52,00,America/New_York
Light Rain,0,0,1,0,0,0,9.4,16.1,0.0,2015/04/30 08:52:00,2015,04,30,08,52,00,America/New_York
Overcast,0,0,0,0,0,0,10.0,16.1,0.0,2015/04/30 09:52:00,2015,04,30,09,52,00,America/New_York
Overcast,0,0,0,0,0,0,10.0,16.1,-9999.00,2015/04/30 10:52:00,2015,04,30,10,52,00,America/New_York
Overcast,0,0,0,0,0,0,11.7,16.1,-9999.00,2015/04/30 11:52:00,2015,04,30,11,52,00,America/New_York
Scattered Clouds,0,0,0,0,0,0,12.8,16.1,-9999.00,2015/04/30 12:52:00,2015,04,30,12,52,00,America/New_York
Clear,0,0,0,0,0,0,12.2,16.1,-9999.00,2015/04/30 13:52:00,2015,04,30,13,52,00,America/New_York
Clear,0,0,0,0,0,0,12.8,16.1,-9999.00,2015/04/30 14:52:00,2015,04,30,14,52,00,America/New_York
Scattered Clouds,0,0,0,0,0,0,12.8,16.1,-9999.00,2015/04/30 15:52:00,2015,04,30,15,52,00,America/New_York
Overcast,0,0,0,0,0,0,11.7,16.1,-9999.00,2015/04/30 16:52:00,2015,04,30,16,52,00,America/New_York
Overcast,0,0,0,0,0,0,10.0,16.1,-9999.00,2015/04/30 17:52:00,2015,04,30,17,52,00,America/New_York
Overcast,0,0,0,0,0,0,9.4,16.1,-9999.00,2015/04/30 18:52:00,2015,04,30,18,52,00,America/New_York
Overcast,0,0,0,0,0,0,8.3,16.1,-9999.00,2015/04/30 19:52:00,2015,04,30,19,52,00,America/New_York
Overcast,0,0,0,0,0,0,7.8,16.1,-9999.00,2015/04/30 20:52:00,2015,04,30,20,52,00,America/New_York
Overcast,0,0,0,0,0,0,7.8,16.1,-9999.00,2015/04/30 21:52:00,2015,04,30,21,52,00,America/New_York
Overcast,0,0,0,0,0,0,7.2,16.1,-9999.00,2015/04/30 22:52:00,2015,04,30,22,52,00,America/New_York
Partly Cloudy,0,0,0,0,0,0,6.1,16.1,-9999.00,2015/04/30 23:52:00,2015,04,30,23,52,00,America/New_York